{
  "E00": 0.006555423122765197,
  "E01": 0.02800953516090584,
  "E10": -0.026817640047675805,
  "E11": -0.0005959475566150178,
  "S": 0.00834326579261025,
  "n": 8192,
  "kept_edges": 3356,
  "settings": {
    "A0": 0.0,
    "A1": 0.7853981633974483,
    "B0": 0.39269908169872414,
    "B1": -0.39269908169872414
  }
}