{
  "E00": 0.01156413924654268,
  "E01": 0.009179780639008107,
  "E10": 0.001430615164520744,
  "E11": 0.0004768717215069146,
  "S": 0.021697663328564615,
  "n": 8192,
  "kept_edges": 16776,
  "settings": {
    "A0": 0.0,
    "A1": 0.7853981633974483,
    "B0": 0.39269908169872414,
    "B1": -0.39269908169872414
  }
}