{
  "E00": 0.013382611546600698,
  "E01": 0.008554141456290423,
  "E10": 0.00944830258412566,
  "E11": 0.005215939912372209,
  "S": 0.02616911567464457,
  "n": 8192,
  "kept_edges": 33551,
  "settings": {
    "A0": 0.0,
    "A1": 0.7853981633974483,
    "B0": 0.39269908169872414,
    "B1": -0.39269908169872414
  }
}