{
  "E00": 0.010304010900110704,
  "E01": 0.00587584092650941,
  "E10": 0.004853955547986034,
  "E11": 0.0016179851826620113,
  "S": 0.019415822191944137,
  "n": 8192,
  "kept_edges": 23486,
  "settings": {
    "A0": 0.0,
    "A1": 0.7853981633974483,
    "B0": 0.39269908169872414,
    "B1": -0.39269908169872414
  }
}