{
  "E00": 0.0023847376788553257,
  "E01": 0.005564387917329093,
  "E10": -0.010333863275039745,
  "E11": -0.031001589825119236,
  "S": 0.02861685214626391,
  "n": 4096,
  "kept_edges": 2516,
  "settings": {
    "A0": 0.0,
    "A1": 0.7853981633974483,
    "B0": 0.39269908169872414,
    "B1": -0.39269908169872414
  }
}