{
  "E00": -0.0022142735479475386,
  "E01": 0.01311531255322773,
  "E10": -0.020269119400442855,
  "E11": -0.007664793050587634,
  "S": 0.0017032873445750295,
  "n": 4096,
  "kept_edges": 5871,
  "settings": {
    "A0": 0.0,
    "A1": 0.7853981633974483,
    "B0": 0.39269908169872414,
    "B1": -0.39269908169872414
  }
}