{
  "E00": 0.0004768717215069146,
  "E01": 0.025274201239866477,
  "E10": -0.016213638531235097,
  "E11": -0.007629947544110634,
  "S": 0.017167381974248927,
  "n": 4096,
  "kept_edges": 4194,
  "settings": {
    "A0": 0.0,
    "A1": 0.7853981633974483,
    "B0": 0.39269908169872414,
    "B1": -0.39269908169872414
  }
}