{
  "E00": -0.013513513513513514,
  "E01": -0.003179650238473768,
  "E10": -0.026232114467408585,
  "E11": -0.02702702702702703,
  "S": 0.01589825119236884,
  "n": 4096,
  "kept_edges": 2516,
  "settings": {
    "A0": 0.0,
    "A1": 0.7853981633974483,
    "B0": 0.39269908169872414,
    "B1": -0.39269908169872414
  }
}