{
  "E00": -0.017878426698450536,
  "E01": -0.015494636471990465,
  "E10": -0.03218116805721097,
  "E11": -0.058402860548271755,
  "S": 0.007151370679380216,
  "n": 4096,
  "kept_edges": 839,
  "settings": {
    "A0": 0.0,
    "A1": 0.7853981633974483,
    "B0": 0.39269908169872414,
    "B1": -0.39269908169872414
  }
}