{
  "E00": -0.0022655188038060714,
  "E01": -0.003362506856175327,
  "E10": -0.00040540862804950753,
  "E11": 0.008132020127346004,
  "S": 0.014165454415376911,
  "n": 4096,
  "kept_edges": 41933,
  "settings": {
    "A0": 0.0,
    "A1": 0.7853981633974483,
    "B0": 0.39269908169872414,
    "B1": -0.39269908169872414
  }
}