{
  "E00": 0.003100158982511924,
  "E01": 0.0054848966613672495,
  "E10": -0.002066772655007949,
  "E11": 0.010174880763116057,
  "S": 0.0036565977742448325,
  "n": 4096,
  "kept_edges": 25160,
  "settings": {
    "A0": 0.0,
    "A1": 0.7853981633974483,
    "B0": 0.39269908169872414,
    "B1": -0.39269908169872414
  }
}