{
  "E00": 0.041120381406436236,
  "E01": 0.023241954707985697,
  "E10": 0.008939213349225268,
  "E11": 0.0005959475566150178,
  "S": 0.07270560190703218,
  "n": 8192,
  "kept_edges": 3356,
  "settings": {
    "A0": 0.0,
    "A1": 0.7853981633974483,
    "B0": 0.39269908169872414,
    "B1": -0.39269908169872414
  }
}