{
  "E00": 0.010390052801907681,
  "E01": 0.02571963890308295,
  "E10": -0.005620848237097598,
  "E11": -0.005280190768182593,
  "S": 0.03576903423607563,
  "n": 4096,
  "kept_edges": 5871,
  "settings": {
    "A0": 0.0,
    "A1": 0.7853981633974483,
    "B0": 0.39269908169872414,
    "B1": -0.39269908169872414
  }
}