{
  "E00": -0.00715307582260372,
  "E01": 0.010491177873152123,
  "E10": -0.018121125417262757,
  "E11": -0.00619933237958989,
  "S": 0.008583690987124463,
  "n": 4096,
  "kept_edges": 4194,
  "settings": {
    "A0": 0.0,
    "A1": 0.7853981633974483,
    "B0": 0.39269908169872414,
    "B1": -0.39269908169872414
  }
}