{
  "E00": -0.004888517944437821,
  "E01": 0.01895791105281984,
  "E10": -0.016811732443066652,
  "E11": 0.0036961964945749375,
  "S": 0.006438535829259571,
  "n": 4096,
  "kept_edges": 8387,
  "settings": {
    "A0": 0.0,
    "A1": 0.7853981633974483,
    "B0": 0.39269908169872414,
    "B1": -0.39269908169872414
  }
}