{
  "E00": 0.021855752036558714,
  "E01": 0.020663620107291874,
  "E10": 0.007152791575601033,
  "E11": 0.004371150407311742,
  "S": 0.04530101331213987,
  "n": 8192,
  "kept_edges": 10066,
  "settings": {
    "A0": 0.0,
    "A1": 0.7853981633974483,
    "B0": 0.39269908169872414,
    "B1": -0.39269908169872414
  }
}