{
  "E00": -0.04410011918951132,
  "E01": -0.05363528009535161,
  "E10": -0.04410011918951132,
  "E11": -0.05363528009535161,
  "S": 0.08820023837902265,
  "n": 4096,
  "kept_edges": 839,
  "settings": {
    "A0": 0.0,
    "A1": 0.7853981633974483,
    "B0": 0.39269908169872414,
    "B1": -0.39269908169872414
  }
}