{
  "E00": 0.01294388146129609,
  "E01": 0.009452439751341225,
  "E10": 0.008600868602571745,
  "E11": 0.005790683811632462,
  "S": 0.0252065060035766,
  "n": 8192,
  "kept_edges": 23486,
  "settings": {
    "A0": 0.0,
    "A1": 0.7853981633974483,
    "B0": 0.39269908169872414,
    "B1": -0.39269908169872414
  }
}