{
  "E00": -0.0017884821747943245,
  "E01": 0.008107785859067605,
  "E10": -0.006438535829259569,
  "E11": 0.005126982234410397,
  "S": 0.005246214379396685,
  "n": 4096,
  "kept_edges": 16774,
  "settings": {
    "A0": 0.0,
    "A1": 0.7853981633974483,
    "B0": 0.39269908169872414,
    "B1": -0.39269908169872414
  }
}