{
  "E00": 0.006110101040207446,
  "E01": 0.00646776549134154,
  "E10": 0.0039641143334028794,
  "E11": 0.0021757920777324075,
  "S": 0.014366188787219458,
  "n": 8192,
  "kept_edges": 33551,
  "settings": {
    "A0": 0.0,
    "A1": 0.7853981633974483,
    "B0": 0.39269908169872414,
    "B1": -0.39269908169872414
  }
}