{
  "E00": 0.004766444232602479,
  "E01": -0.01811248808388942,
  "E10": -0.044804575786463297,
  "E11": -0.025738798856053385,
  "S": 0.032411820781696854,
  "n": 2048,
  "kept_edges": 1049,
  "settings": {
    "A0": 0.0,
    "A1": 0.7853981633974483,
    "B0": 0.39269908169872414,
    "B1": -0.39269908169872414
  }
}