{
  "E00": 0.010491177873152123,
  "E01": 0.010014306151645207,
  "E10": -0.000357653791130186,
  "E11": 0.005126371006199332,
  "S": 0.015021459227467811,
  "n": 8192,
  "kept_edges": 16776,
  "settings": {
    "A0": 0.0,
    "A1": 0.7853981633974483,
    "B0": 0.39269908169872414,
    "B1": -0.39269908169872414
  }
}