{
  "E00": 0.0091808751639442,
  "E01": 0.020150232502682722,
  "E10": -0.00703469655419101,
  "E11": -0.0022654107547394778,
  "S": 0.02456182186717539,
  "n": 4096,
  "kept_edges": 8387,
  "settings": {
    "A0": 0.0,
    "A1": 0.7853981633974483,
    "B0": 0.39269908169872414,
    "B1": -0.39269908169872414
  }
}