{
  "E00": 0.013908205841446454,
  "E01": 0.01589509239022452,
  "E10": 0.006159348301212001,
  "E11": 0.009338366779256905,
  "S": 0.026624279753626072,
  "n": 8192,
  "kept_edges": 10066,
  "settings": {
    "A0": 0.0,
    "A1": 0.7853981633974483,
    "B0": 0.39269908169872414,
    "B1": -0.39269908169872414
  }
}