{
  "kernel_file": "K_4096_same_rho1p16_a2p55_b1p50.npy",
  "n": 4096,
  "backend": "numpy",
  "forman_stats": {
    "count": 167731,
    "mean": -418414.8528082385,
    "std": 455400.38227927935,
    "min": -3093174.7965217624,
    "p25": -597222.8834403084,
    "median": -246542.5940830856,
    "p75": -87421.97173476312,
    "max": 179.17356228405367
  },
  "ollivier_stats": {
    "count": 8000,
    "mean": 0.0214720456781032,
    "std": 0.2332478662284418,
    "min": -0.9782195898059878,
    "p25": -0.12469348097458027,
    "median": 0.019255557576248306,
    "p75": 0.16909827754107154,
    "max": 0.7285933801725101
  },
  "edge_frac": 0.02,
  "sample_edges": 8000,
  "hop_cap": 2,
  "edge_length_mode": "unit"
}