{
  "window": {
    "tmin": null,
    "tmax": null
  },
  "fits": [
    {
      "n": 2048,
      "d_eff_med": 1.9998341290248631,
      "m2_eff_med": -1.3633190602604472,
      "A_med": 0.18000079807089345,
      "count": 1
    },
    {
      "n": 4096,
      "d_eff_med": 1.9994561806924644,
      "m2_eff_med": -0.8288832914652219,
      "A_med": 0.5854377941182175,
      "count": 1
    },
    {
      "n": 8192,
      "d_eff_med": 1.9994356442678083,
      "m2_eff_med": -0.8856165392995671,
      "A_med": 1.0638349359272368,
      "count": 1
    }
  ]
}