{
  "window": {
    "tmin": 0.007,
    "tmax": 0.02
  },
  "fits": [
    {
      "n": 2048,
      "d_eff_med": 1.9999402877994776,
      "m2_eff_med": -1.3588332037619952,
      "A_med": 0.1800543922794847,
      "count": 1
    },
    {
      "n": 4096,
      "d_eff_med": 1.9997885717852935,
      "m2_eff_med": -0.8147565370888511,
      "A_med": 0.5859843357014267,
      "count": 1
    },
    {
      "n": 8192,
      "d_eff_med": 1.9997807943467114,
      "m2_eff_med": -0.8709486900718137,
      "A_med": 1.064866216069288,
      "count": 1
    }
  ]
}