{
  "kernel": "K_8192_CURRENT.npy",
  "tau_q": 0.97,
  "bins": 24,
  "r_centers": [
    3712.6274105286025,
    11123.933524530805,
    18535.239638533007,
    25946.54575253521,
    33357.851866537414,
    40769.15798053961,
    48180.464094541814,
    55591.77020854402,
    63003.07632254622,
    70414.38243654842,
    77825.68855055064,
    85236.99466455283,
    92648.30077855504,
    100059.60689255723,
    107470.91300655945,
    114882.21912056164,
    122293.52523456386,
    129704.83134856605,
    137116.13746256824,
    144527.44357657045,
    151938.74969057267,
    159350.05580457486,
    166761.36191857705,
    174172.66803257927
  ],
  "corr": [
    8.826092654087027e-05,
    7.764834916778151e-50,
    3.916288473412305e-43,
    8.18064894706773e-93,
    1.1698786234014711e-99,
    7.03905746883545e-101,
    0.0,
    0.0,
    0.0,
    0.0,
    0.0,
    0.0,
    0.0,
    1.5650366106495537e-43,
    0.0,
    0.0,
    0.0,
    0.0,
    0.0,
    0.0,
    0.0,
    0.0,
    0.0,
    3.87440980347122e-53
  ],
  "fit": {
    "a": null,
    "xi": null
  }
}