{
  "kernel": "K_4096_CURRENT.npy",
  "tau_q": 0.97,
  "bins": 24,
  "r_centers": [
    165.2198049545058,
    488.1771617340182,
    811.1345185135306,
    1134.0918752930431,
    1457.0492320725555,
    1780.006588852068,
    2102.9639456315804,
    2425.9213024110927,
    2748.878659190605,
    3071.8360159701174,
    3394.7933727496297,
    3717.7507295291425,
    4040.708086308655,
    4363.665443088167,
    4686.6227998676795,
    5009.580156647192,
    5332.537513426704,
    5655.494870206217,
    5978.452226985729,
    6301.409583765241,
    6624.366940544754,
    6947.324297324266,
    7270.281654103778,
    7593.2390108832915
  ],
  "corr": [
    0.0002182003132064072,
    7.783098320917207e-10,
    1.52880500159071e-21,
    3.432319250516843e-20,
    2.4496636382890497e-23,
    9.605863758288367e-21,
    3.064297866929599e-74,
    1.501816936017776e-41,
    4.778594987079823e-40,
    0.0,
    1.0795810828879705e-20,
    1.297714700628994e-36,
    1.3534411856540794e-46,
    4.321555549104777e-78,
    1.1134037445629342e-101,
    9.543952068360242e-42,
    3.315752247381198e-55,
    2.5672895718557323e-80,
    0.0,
    0.0,
    0.0,
    6.897543352780598e-57,
    0.0,
    1.7904123057766092e-84
  ],
  "fit": {
    "a": null,
    "xi": null
  }
}