{
  "kernel": "K_2048_CURRENT.npy",
  "tau_q": 0.97,
  "bins": 24,
  "r_centers": [
    24.713129759897377,
    71.43507358179103,
    118.1570174036847,
    164.87896122557837,
    211.60090504747203,
    258.32284886936566,
    305.0447926912593,
    351.766736513153,
    398.48868033504664,
    445.2106241569403,
    491.93256797883396,
    538.6545118007277,
    585.3764556226213,
    632.098399444515,
    678.8203432664086,
    725.5422870883024,
    772.2642309101959,
    818.9861747320897,
    865.7081185539832,
    912.430062375877,
    959.1520061977706,
    1005.8739500196643,
    1052.5958938415579,
    1099.3178376634517
  ],
  "corr": [
    0.003143769133303341,
    4.64872976123042e-06,
    9.470360382336743e-07,
    6.215917056908323e-09,
    3.7624446056489513e-07,
    1.1826981279763854e-09,
    8.75862595653323e-06,
    5.4788122585735e-10,
    3.4185004932130085e-07,
    6.750561278539502e-12,
    1.1688243717807285e-14,
    5.145040105081467e-22,
    1.6733977604526075e-27,
    2.960620813259455e-36,
    2.3857015491257707e-16,
    4.058874861957131e-12,
    8.831783621333274e-20,
    9.250786961613393e-13,
    1.986829411498049e-19,
    1.8261087462239267e-22,
    5.373434687968168e-17,
    2.626405942690094e-38,
    0.0,
    4.11357850689769e-10
  ],
  "fit": {
    "a": -12.763139365994613,
    "xi": 76.70776945858108
  }
}