{
  "n": 4096,
  "lambda": [
    1.3517756325270655e-14,
    2.174493765089248e-09,
    2.5957701485204717e-09,
    3.441613896565554e-09,
    8.752659938659632e-08,
    1.3758482721767842e-07,
    1.4204735397670947e-07,
    4.4457200829817375e-07,
    5.18595844863168e-07,
    2.329705576561165e-06,
    3.0775314258353847e-06,
    3.860123702976753e-06,
    5.567599581923754e-06,
    7.5392542233973114e-06,
    1.486001666029401e-05,
    1.677759385114695e-05,
    1.7218374937767804e-05,
    1.7361475085475634e-05,
    1.85868639792298e-05,
    2.349235439137883e-05,
    2.9956440055239155e-05,
    4.4202428673579904e-05,
    4.6371807384441415e-05,
    4.6892048626489395e-05,
    4.701956415877109e-05,
    5.735476713447985e-05,
    6.130072786766954e-05,
    6.180013080486507e-05,
    6.760927790304533e-05,
    6.885206788545356e-05,
    7.054083442021576e-05,
    9.83219134579497e-05,
    0.00010836730758364374,
    0.00011354860815992641,
    0.00011498378053980668,
    0.00011620020619786124,
    0.00011733275329123238,
    0.0001389689021629769,
    0.00014888641953685576,
    0.00016127561808121645,
    0.00016781222050603418,
    0.00019574980991859557,
    0.00020275370189017187,
    0.00022965336552646258,
    0.0002362840070350537,
    0.00024341041388826245,
    0.00027392857008088755,
    0.0002805503292583952,
    0.0002891193042820803,
    0.0003441078752024401,
    0.00035104797544165426,
    0.00037603937469738824,
    0.00037992733660876095,
    0.00042087061728993016,
    0.00042128290727650423,
    0.00043146725101407513,
    0.0004814451296857559,
    0.0004898958433398609,
    0.0004960752533935284,
    0.000504740828171869,
    0.0005124539904627631,
    0.0006488401455488007,
    0.000731937935169772,
    0.0007603521729800941
  ],
  "k_min": 3.893379809837765e-217,
  "k_max": 1.0,
  "coupling_bins": [
    3.893379809837765e-217,
    0.03125,
    0.0625,
    0.09375,
    0.125,
    0.15625,
    0.1875,
    0.21875,
    0.25,
    0.28125,
    0.3125,
    0.34375,
    0.375,
    0.40625,
    0.4375,
    0.46875,
    0.5,
    0.53125,
    0.5625,
    0.59375,
    0.625,
    0.65625,
    0.6875,
    0.71875,
    0.75,
    0.78125,
    0.8125,
    0.84375,
    0.875,
    0.90625,
    0.9375,
    0.96875,
    1.0
  ],
  "coupling_hist": [
    8356988,
    11185,
    5381,
    3293,
    2148,
    1532,
    1177,
    925,
    697,
    587,
    466,
    366,
    340,
    286,
    215,
    191,
    161,
    122,
    109,
    75,
    67,
    44,
    37,
    39,
    37,
    25,
    22,
    20,
    8,
    6,
    7,
    4
  ],
  "kernel_file": "K_4096_same_rho1p16_a2p55_b1p50.npy"
}