q,tau,beta0,beta1,edges,triangles
0.99,0.003243957928867198,104,8883,83866,70991
0.97,4.542794973392157e-05,26,165334,251597,82193
0.95,2.1505243120537422e-06,10,332698,419328,82544
0.9,5.488610644971832e-09,4,748062,838656,86502
0.85,3.8223377753558465e-11,1,1167725,1257984,86164
0.8,4.0694063979343943e-13,1,1588020,1677312,85197
