{
  "kernel_file": "K_1024_same_rho1p2_a20p5_b1p6.npy",
  "n": 1024,
  "spectral_dimension_mean": -0.020472587902071758,
  "spectral_dimension_se": 0.00039906713575060907,
  "heat_meta": {
    "t_grid": [
      0.25,
      0.2,
      0.15,
      0.1,
      0.07,
      0.05,
      0.035,
      0.025,
      0.02,
      0.015,
      0.01,
      0.007,
      0.005
    ],
    "heat_trace": [
      1.0180401163533077,
      1.0111715625213495,
      1.0060913956589639,
      1.0026288134205439,
      1.0012665800957747,
      1.0006391927091653,
      1.0003106989475548,
      1.0001576853451768,
      1.0001006549002958,
      1.000056471270197,
      1.0000250335015968,
      1.000012247479027,
      1.0000062422994154
    ],
    "slope": 0.0032750144999903444,
    "intercept": 0.01389667906807912
  },
  "mds_stress": 0.9193812076327408,
  "rank_cm": 0.6279296875,
  "betti1_skipped": true
}