{
  "kernel_file": "K_2048_same_rho1p16_a2p55_b1p55.npy",
  "n": 2048,
  "spectral_dimension_mean": -0.011733548002836524,
  "spectral_dimension_se": 9.774885727108077e-06,
  "heat_meta": {
    "t_grid": [
      0.05,
      0.035,
      0.025,
      0.02,
      0.015,
      0.01,
      0.007,
      0.005
    ],
    "heat_trace": [
      1.0097185089376948,
      1.0066698329178696,
      1.0047019373108719,
      1.0037369309243145,
      1.0027843682614346,
      1.0018441140350092,
      1.0012858140410124,
      1.0009160350164783
    ],
    "slope": 0.003553985050731921,
    "intercept": 0.01861190300633922
  },
  "mds_stress": 0.9468964178316792,
  "rank_cm": 0.52125,
  "betti1_skipped": true
}