{
  "kernel_file": "K_2048_same_rho1p16_a2p55_b1p35.npy",
  "n": 2048,
  "spectral_dimension_mean": -0.09682346777414455,
  "spectral_dimension_se": 0.0004883751867642197,
  "heat_meta": {
    "t_grid": [
      0.25,
      0.2,
      0.15,
      0.1,
      0.07,
      0.05,
      0.035,
      0.025,
      0.02,
      0.015,
      0.01,
      0.007,
      0.005
    ],
    "heat_trace": [
      1.1141055802815245,
      1.0860310874047157,
      1.0609882084898035,
      1.0385338978714698,
      1.0261497639584711,
      1.0183045476635735,
      1.0126233069065416,
      1.0089283172734782,
      1.007107808793958,
      1.0053049619999694,
      1.003519535556408,
      1.002456542691593,
      1.0017512924704746
    ],
    "slope": 0.023397171281777127,
    "intercept": 0.10585204768011965
  },
  "mds_stress": 0.933842578834558,
  "rank_cm": 0.39916666666666667,
  "betti1_skipped": true
}