{
  "kernel_file": "K_2048_same_rho1p16_a2p55_b1p44.npy",
  "n": 2048,
  "spectral_dimension_mean": -0.09599228500277851,
  "spectral_dimension_se": 0.000283613339613363,
  "heat_meta": {
    "t_grid": [
      0.25,
      0.2,
      0.15,
      0.1,
      0.07,
      0.05,
      0.035,
      0.025,
      0.02,
      0.015,
      0.01,
      0.007,
      0.005
    ],
    "heat_trace": [
      1.1128599931574885,
      1.0855326760474515,
      1.0609164735994732,
      1.0386494471868608,
      1.026288752189964,
      1.0184287964180625,
      1.0127224898430975,
      1.0090046888065345,
      1.007171050664579,
      1.0053539698290248,
      1.0035532374767187,
      1.0024805597520203,
      1.0017686482118038
    ],
    "slope": 0.023245034309131586,
    "intercept": 0.1052798575527525
  },
  "mds_stress": 0.9394762436541346,
  "rank_cm": 0.38166666666666665,
  "betti1_skipped": true
}