{
  "kernel_file": "K_2048_same_rho1p16_a2p55_b1p50.npy",
  "n": 2048,
  "spectral_dimension_mean": -0.011742789413752999,
  "spectral_dimension_se": 9.909713409935073e-06,
  "heat_meta": {
    "t_grid": [
      0.05,
      0.035,
      0.025,
      0.02,
      0.015,
      0.01,
      0.007,
      0.005
    ],
    "heat_trace": [
      1.0096374054656407,
      1.0066096813154692,
      1.004657433013463,
      1.0037007281609944,
      1.0027567745993768,
      1.0018254290364006,
      1.0012726147760456,
      1.000906550440558
    ],
    "slope": 0.00352430170412937,
    "intercept": 0.018453247822447717
  },
  "mds_stress": 0.9433317132219565,
  "rank_cm": 0.529375,
  "betti1_skipped": true
}