{
  "kernel_file": "K_2048_same_rho1p12_a2p55_b1p50.npy",
  "n": 2048,
  "spectral_dimension_mean": -0.09455018323622384,
  "spectral_dimension_se": 0.0004869279629492719,
  "heat_meta": {
    "t_grid": [
      0.25,
      0.2,
      0.15,
      0.1,
      0.07,
      0.05,
      0.035,
      0.025,
      0.02,
      0.015,
      0.01,
      0.007,
      0.005
    ],
    "heat_trace": [
      1.1059076513720916,
      1.0808519257545464,
      1.057969181470561,
      1.0370060661955103,
      1.0252579191381417,
      1.0177453224539776,
      1.0122704067413861,
      1.0086938709098205,
      1.0069271318882609,
      1.0051745316473935,
      1.0034359127024004,
      1.0023993876892765,
      1.0017111198238227
    ],
    "slope": 0.02199489116713207,
    "intercept": 0.09976812384281472
  },
  "mds_stress": 0.9476377967688089,
  "rank_cm": 0.3616666666666667,
  "betti1_skipped": true
}