{
  "kernel_file": "K_2048_same_rho1p16_a2p55_b1p46.npy",
  "n": 2048,
  "spectral_dimension_mean": -0.09588927644502547,
  "spectral_dimension_se": 0.00028279092928873634,
  "heat_meta": {
    "t_grid": [
      0.25,
      0.2,
      0.15,
      0.1,
      0.07,
      0.05,
      0.035,
      0.025,
      0.02,
      0.015,
      0.01,
      0.007,
      0.005
    ],
    "heat_trace": [
      1.1126671565096156,
      1.0854664257553819,
      1.0609207874718494,
      1.0386818518879488,
      1.0263220275618183,
      1.0184571401609286,
      1.0127445753844984,
      1.009021482912956,
      1.0071848818533082,
      1.005364634511831,
      1.003560537777563,
      1.002485748762305,
      1.001772391814508
    ],
    "slope": 0.023223817070742763,
    "intercept": 0.10520528932806547
  },
  "mds_stress": 0.9406955852643841,
  "rank_cm": 0.3775,
  "betti1_skipped": true
}