{
  "kernel_file": "K_2048_same_rho1p16_a2p55_b1p54.npy",
  "n": 2048,
  "spectral_dimension_mean": -0.09556518311131183,
  "spectral_dimension_se": 0.0002799790840874451,
  "heat_meta": {
    "t_grid": [
      0.25,
      0.2,
      0.15,
      0.1,
      0.07,
      0.05,
      0.035,
      0.025,
      0.02,
      0.015,
      0.01,
      0.007,
      0.005
    ],
    "heat_trace": [
      1.1121209265021084,
      1.0853217191605289,
      1.0609929353051588,
      1.0388294652409475,
      1.0264612552465862,
      1.0185721488441828,
      1.0128327335413505,
      1.0090879311382408,
      1.0072393934430282,
      1.0054065143381634,
      1.0035891095767646,
      1.0025060188043151,
      1.001786997702414
    ],
    "slope": 0.02317287854220243,
    "intercept": 0.10504856497020039
  },
  "mds_stress": 0.9462098105957568,
  "rank_cm": 0.36333333333333334,
  "betti1_skipped": true
}