{
  "kernel_file": "K_2048_opp_rho1p20_a20p45_bIGNORED.npy",
  "n": 2048,
  "spectral_dimension_mean": -56.71101402415588,
  "spectral_dimension_se": 0.002088698781930006,
  "heat_meta": {
    "t_grid": [
      0.25,
      0.2,
      0.15,
      0.1,
      0.07,
      0.05,
      0.035,
      0.025,
      0.02,
      0.015,
      0.01,
      0.007,
      0.005
    ],
    "heat_trace": [
      2.071265133853576e+53,
      1.0893120466616939e+42,
      5.728869354328506e+30,
      3.0129056388887204e+19,
      5146778728302.226,
      158453612.47122428,
      65491.31628284187,
      364.3752080661753,
      28.06412911336564,
      3.0133246589636427,
      1.1479614653726746,
      1.0298059730481497,
      1.0096571354166968
    ],
    "slope": 28.30932338579373,
    "intercept": 124.50562948034084
  },
  "mds_stress": 0.9560302180582281,
  "rank_cm": 0.9991666666666666,
  "betti1_skipped": true
}