{
  "kernel_file": "K_2048_same_rho1p16_a2p55_b1p65.npy",
  "n": 2048,
  "spectral_dimension_mean": -0.0955769674307986,
  "spectral_dimension_se": 0.00044968801896859065,
  "heat_meta": {
    "t_grid": [
      0.25,
      0.2,
      0.15,
      0.1,
      0.07,
      0.05,
      0.035,
      0.025,
      0.02,
      0.015,
      0.01,
      0.007,
      0.005
    ],
    "heat_trace": [
      1.1118006812254355,
      1.085352379021765,
      1.0611952819775232,
      1.0390642237231191,
      1.026661913338078,
      1.018731301873828,
      1.0129519501111572,
      1.009176644064693,
      1.0073117499481743,
      1.0054618032270117,
      1.0036266379877206,
      1.0025325658155064,
      1.0018060906643458
    ],
    "slope": 0.023167590040402895,
    "intercept": 0.10510220052791398
  },
  "mds_stress": 0.9520742591540146,
  "rank_cm": 0.34833333333333333,
  "betti1_skipped": true
}