{
  "kernel_file": "K_2048_same_rho1p16_a2p55_b1p60.npy",
  "n": 2048,
  "spectral_dimension_mean": -0.09567034824815804,
  "spectral_dimension_se": 0.00045547909385990483,
  "heat_meta": {
    "t_grid": [
      0.25,
      0.2,
      0.15,
      0.1,
      0.07,
      0.05,
      0.035,
      0.025,
      0.02,
      0.015,
      0.01,
      0.007,
      0.005
    ],
    "heat_trace": [
      1.1118960746803623,
      1.085311696948911,
      1.0610913809633673,
      1.0389539674194872,
      1.0265697874235713,
      1.018658976967375,
      1.012898101848546,
      1.0091367125119581,
      1.0072792323963708,
      1.0054369931975595,
      1.003609821547476,
      1.0025206798060768,
      1.0017975466023414
    ],
    "slope": 0.023162457933048945,
    "intercept": 0.1050465629795081
  },
  "mds_stress": 0.9498178628914892,
  "rank_cm": 0.35583333333333333,
  "betti1_skipped": true
}