{
  "kernel_file": "K_2048_same_rho1p20_a2p55_b1p50.npy",
  "n": 2048,
  "spectral_dimension_mean": -0.0975071890590555,
  "spectral_dimension_se": 0.0004517652499791564,
  "heat_meta": {
    "t_grid": [
      0.25,
      0.2,
      0.15,
      0.1,
      0.07,
      0.05,
      0.035,
      0.025,
      0.02,
      0.015,
      0.01,
      0.007,
      0.005
    ],
    "heat_trace": [
      1.1190646126997092,
      1.0900089584467212,
      1.0639565465547252,
      1.0404917527465773,
      1.0275087165105947,
      1.0192691044710265,
      1.0132950884388292,
      1.0094064802019624,
      1.0074896539406097,
      1.0055908259323807,
      1.003709761047586,
      1.0025895520982024,
      1.001846228146431
    ],
    "slope": 0.024418696668922477,
    "intercept": 0.11054848648661904
  },
  "mds_stress": 0.9394751068671232,
  "rank_cm": 0.38,
  "betti1_skipped": true
}