{
  "kernel_file": "K_2048_same_rho1p20_a2p50_b1p60.npy",
  "n": 2048,
  "spectral_dimension_mean": -0.05367080571827464,
  "spectral_dimension_se": 0.0001413789539067268,
  "heat_meta": {
    "t_grid": [
      0.25,
      0.2,
      0.15,
      0.1,
      0.07,
      0.05,
      0.035,
      0.025,
      0.02,
      0.015,
      0.01,
      0.007,
      0.005
    ],
    "heat_trace": [
      1.0681527983518107,
      1.0505975238374734,
      1.0352614738873576,
      1.0218662870283532,
      1.0146619300722106,
      1.010178179279821,
      1.0069743122084247,
      1.0049114239442858,
      1.0039013753356618,
      1.0029053695840044,
      1.0019232444323494,
      1.00134056551643,
      1.0009548402532693
    ],
    "slope": 0.014041758959608542,
    "intercept": 0.06315920726091269
  },
  "mds_stress": 0.9458286944637749,
  "rank_cm": 0.52625,
  "betti1_skipped": true
}