{
  "kernel_file": "K_2048_opp_rho1p20_a20p55_bIGNORED.npy",
  "n": 2048,
  "spectral_dimension_mean": -52.81563197488266,
  "spectral_dimension_se": 0.002288191659065537,
  "heat_meta": {
    "t_grid": [
      0.25,
      0.2,
      0.15,
      0.1,
      0.07,
      0.05,
      0.035,
      0.025,
      0.02,
      0.015,
      0.01,
      0.007,
      0.005
    ],
    "heat_trace": [
      4.78340160303121e+49,
      1.3426203534308037e+39,
      3.7685094479716906e+28,
      1.0577572001767085e+18,
      493532570860.07263,
      29689466.01901175,
      20280.96443225361,
      158.28992515175474,
      14.849663589151238,
      2.21755039732134,
      1.1055424340503126,
      1.0234273382719232,
      1.0080955443546693
    ],
    "slope": 26.360027005106843,
    "intercept": 115.73462233916956
  },
  "mds_stress": 0.9559135084781544,
  "rank_cm": 0.9991666666666666,
  "betti1_skipped": true
}