{
  "kernel_file": "K_2048_same_rho1p16_a2p55_b1p48.npy",
  "n": 2048,
  "spectral_dimension_mean": -0.09579584095118342,
  "spectral_dimension_se": 0.0002820206302219308,
  "heat_meta": {
    "t_grid": [
      0.25,
      0.2,
      0.15,
      0.1,
      0.07,
      0.05,
      0.035,
      0.025,
      0.02,
      0.015,
      0.01,
      0.007,
      0.005
    ],
    "heat_trace": [
      1.112498915418409,
      1.0854133019469128,
      1.0609310959970002,
      1.0387162361199103,
      1.0263559899208297,
      1.0184856792447288,
      1.012766654919192,
      1.0090382086460148,
      1.0071986335991319,
      1.00537522148444,
      1.003567774466091,
      1.0024908883776993,
      1.0017760978448298
    ],
    "slope": 0.023206304418090566,
    "intercept": 0.105146183628437
  },
  "mds_stress": 0.9419691805344889,
  "rank_cm": 0.375,
  "betti1_skipped": true
}