{
  "kernel_file": "K_2048_same_rho1p16_a2p55_b1p52.npy",
  "n": 2048,
  "spectral_dimension_mean": -0.09563445659902921,
  "spectral_dimension_se": 0.00028061667276641503,
  "heat_meta": {
    "t_grid": [
      0.25,
      0.2,
      0.15,
      0.1,
      0.07,
      0.05,
      0.035,
      0.025,
      0.02,
      0.015,
      0.01,
      0.007,
      0.005
    ],
    "heat_trace": [
      1.1122278155811862,
      1.0853420586692877,
      1.0609677211177886,
      1.0387902703319085,
      1.0264257167004776,
      1.0185432452371501,
      1.012810768156149,
      1.0090714531814386,
      1.0072259042115561,
      1.005396171403874,
      1.0035820663203603,
      1.0025010272733097,
      1.0017834034186013
    ],
    "slope": 0.023181146626307932,
    "intercept": 0.105069142959981
  },
  "mds_stress": 0.9447719467114661,
  "rank_cm": 0.36916666666666664,
  "betti1_skipped": true
}