{
  "kernel_file": "K_2048_same_rho1p16_a2p55_b1p56.npy",
  "n": 2048,
  "spectral_dimension_mean": -0.09550273966182372,
  "spectral_dimension_se": 0.00027938444787178006,
  "heat_meta": {
    "t_grid": [
      0.25,
      0.2,
      0.15,
      0.1,
      0.07,
      0.05,
      0.035,
      0.025,
      0.02,
      0.015,
      0.01,
      0.007,
      0.005
    ],
    "heat_trace": [
      1.1120308983132479,
      1.0853103484303928,
      1.061022162729538,
      1.0388698841494217,
      1.0264971391492952,
      1.0186010806337236,
      1.0128546122766977,
      1.0091042991945596,
      1.0072527761584404,
      1.0054167637333569,
      1.0035960815645015,
      1.002510956768658,
      1.0017905519911718
    ],
    "slope": 0.023167140953498398,
    "intercept": 0.1050384991247781
  },
  "mds_stress": 0.9475501820999067,
  "rank_cm": 0.36083333333333334,
  "betti1_skipped": true
}