{
  "kernel_file": "K_2048_opp_rho1p16_a20p50_bIGNORED.npy",
  "n": 2048,
  "spectral_dimension_mean": -54.69946537441116,
  "spectral_dimension_se": 0.0021947102330500618,
  "heat_meta": {
    "t_grid": [
      0.25,
      0.2,
      0.15,
      0.1,
      0.07,
      0.05,
      0.035,
      0.025,
      0.02,
      0.015,
      0.01,
      0.007,
      0.005
    ],
    "heat_trace": [
      2.737606715826116e+51,
      3.4202716204547245e+40,
      4.273169659491315e+29,
      5.338751118359927e+18,
      1532686735916.4805,
      66700520.22117266,
      35739.47480196569,
      236.75820448969841,
      20.1455798125503,
      2.552622327017297,
      1.1242647136724573,
      1.02631737240935,
      1.0088142906053053
    ],
    "slope": 27.302726001836202,
    "intercept": 119.97478267968091
  },
  "mds_stress": 0.9557859990305658,
  "rank_cm": 0.9991666666666666,
  "betti1_skipped": true
}