{
  "kernel_file": "K_2048_same_rho1p16_a2p55_b1p62.npy",
  "n": 2048,
  "spectral_dimension_mean": -0.09535130691797705,
  "spectral_dimension_se": 0.00027778184343316056,
  "heat_meta": {
    "t_grid": [
      0.25,
      0.2,
      0.15,
      0.1,
      0.07,
      0.05,
      0.035,
      0.025,
      0.02,
      0.015,
      0.01,
      0.007,
      0.005
    ],
    "heat_trace": [
      1.1118489323444278,
      1.0853231767359997,
      1.0611308092831886,
      1.038997444544416,
      1.026606484393366,
      1.018687919899692,
      1.0129197102466037,
      1.0091527616845337,
      1.007292311220703,
      1.0054469788295817,
      1.0036165942813573,
      1.002525468619659,
      1.001800989795519
    ],
    "slope": 0.023163161089736598,
    "intercept": 0.10506322444761541
  },
  "mds_stress": 0.9507795625159308,
  "rank_cm": 0.3525,
  "betti1_skipped": true
}