{
  "kernel_file": "K_2048_same_rho1p14_a2p55_b1p50.npy",
  "n": 2048,
  "spectral_dimension_mean": -0.011711769252482776,
  "spectral_dimension_se": 9.705523820659792e-06,
  "heat_meta": {
    "t_grid": [
      0.05,
      0.035,
      0.025,
      0.02,
      0.015,
      0.01,
      0.007,
      0.005
    ],
    "heat_trace": [
      1.0094793994058409,
      1.006507223281472,
      1.00458800782775,
      1.0036466638116885,
      1.002717319569535,
      1.0017998455767587,
      1.0012550057529004,
      1.0008941142673942
    ],
    "slope": 0.0034669964356585175,
    "intercept": 0.018157241610126135
  },
  "mds_stress": 0.9454685796799444,
  "rank_cm": 0.525625,
  "betti1_skipped": true
}