{
  "kernel_file": "K_2048_same_rho1p20_a2p55_b1p50.npy",
  "n": 2048,
  "spectral_dimension_mean": -0.011806113304930713,
  "spectral_dimension_se": 9.924153223852458e-06,
  "heat_meta": {
    "t_grid": [
      0.05,
      0.035,
      0.025,
      0.02,
      0.015,
      0.01,
      0.007,
      0.005
    ],
    "heat_trace": [
      1.0099490432836464,
      1.0068104272216993,
      1.0047928113552025,
      1.0038058897202022,
      1.0028333209441291,
      1.00187493035805,
      1.0013066299987439,
      1.0009305462888551
    ],
    "slope": 0.0036372450759018784,
    "intercept": 0.019035740693020445
  },
  "mds_stress": 0.9394751068671232,
  "rank_cm": 0.535,
  "betti1_skipped": true
}