{
  "kernel_file": "K_2048_same_rho1p16_a2p55_b1p42.npy",
  "n": 2048,
  "spectral_dimension_mean": -0.09610571732032265,
  "spectral_dimension_se": 0.00028450321413243755,
  "heat_meta": {
    "t_grid": [
      0.25,
      0.2,
      0.15,
      0.1,
      0.07,
      0.05,
      0.035,
      0.025,
      0.02,
      0.015,
      0.01,
      0.007,
      0.005
    ],
    "heat_trace": [
      1.1130797643944437,
      1.0856132359130841,
      1.0609186625781526,
      1.0386191753644884,
      1.0262562105703685,
      1.0184006567637873,
      1.0127003928220444,
      1.0089878173136952,
      1.0071571308753846,
      1.0053432191528324,
      1.0035458671273905,
      1.00247531646722,
      1.0017648633758236
    ],
    "slope": 0.02327029586787387,
    "intercept": 0.10537130184443812
  },
  "mds_stress": 0.9382714786283516,
  "rank_cm": 0.3858333333333333,
  "betti1_skipped": true
}