{
  "kernel_file": "K_2048_same_rho1p18_a2p55_b1p50.npy",
  "n": 2048,
  "spectral_dimension_mean": -0.09671938234495546,
  "spectral_dimension_se": 0.00045907857281795363,
  "heat_meta": {
    "t_grid": [
      0.25,
      0.2,
      0.15,
      0.1,
      0.07,
      0.05,
      0.035,
      0.025,
      0.02,
      0.015,
      0.01,
      0.007,
      0.005
    ],
    "heat_trace": [
      1.1156727691661583,
      1.0876746530545638,
      1.0624471556535635,
      1.0396227713885882,
      1.026951369253455,
      1.0188934938921053,
      1.0130433730813342,
      1.0092318302112249,
      1.0073519481094078,
      1.005489035453968,
      1.0036428791004435,
      1.0025431409458934,
      1.0018132693732813
    ],
    "slope": 0.023801411440190906,
    "intercept": 0.10780900715189212
  },
  "mds_stress": 0.9413338294835152,
  "rank_cm": 0.37583333333333335,
  "betti1_skipped": true
}