{
  "kernel_file": "K_2048_same_rho1p16_a2p55_b1p64.npy",
  "n": 2048,
  "spectral_dimension_mean": -0.09531135788816768,
  "spectral_dimension_se": 0.00027730831750942943,
  "heat_meta": {
    "t_grid": [
      0.25,
      0.2,
      0.15,
      0.1,
      0.07,
      0.05,
      0.035,
      0.025,
      0.02,
      0.015,
      0.01,
      0.007,
      0.005
    ],
    "heat_trace": [
      1.111813957822949,
      1.0853411564793982,
      1.0611731384190974,
      1.0390417818705646,
      1.0266434001050462,
      1.0187168539226177,
      1.0129412315400685,
      1.009168711994591,
      1.007305296725854,
      1.0054568840088334,
      1.0036233065405837,
      1.0025302122733162,
      1.0018043993982815
    ],
    "slope": 0.023165694043299042,
    "intercept": 0.10508747332882912
  },
  "mds_stress": 0.951659351085695,
  "rank_cm": 0.3491666666666667,
  "betti1_skipped": true
}