{
  "kernel_file": "K_2048_same_rho1p16_a2p55_b1p45.npy",
  "n": 2048,
  "spectral_dimension_mean": -0.0961831087567816,
  "spectral_dimension_se": 0.0004739794174986059,
  "heat_meta": {
    "t_grid": [
      0.25,
      0.2,
      0.15,
      0.1,
      0.07,
      0.05,
      0.035,
      0.025,
      0.02,
      0.015,
      0.01,
      0.007,
      0.005
    ],
    "heat_trace": [
      1.1127603672532451,
      1.0854978445550956,
      1.0609178547076878,
      1.0386653955575078,
      1.0263053030723752,
      1.0184429446952266,
      1.0127335346418702,
      1.0090130956275902,
      1.0071779772841702,
      1.005359312791093,
      1.003556896238689,
      1.0024831609162326,
      1.0017705250665685
    ],
    "slope": 0.0232339436569063,
    "intercept": 0.10524056236143683
  },
  "mds_stress": 0.9400818076690773,
  "rank_cm": 0.37916666666666665,
  "betti1_skipped": true
}