{
  "kernel_file": "K_2048_same_rho1p18_a2p55_b1p50.npy",
  "n": 2048,
  "spectral_dimension_mean": -0.011773514906227677,
  "spectral_dimension_se": 9.83946699907445e-06,
  "heat_meta": {
    "t_grid": [
      0.05,
      0.035,
      0.025,
      0.02,
      0.015,
      0.01,
      0.007,
      0.005
    ],
    "heat_trace": [
      1.0097939417783834,
      1.0067107447087613,
      1.004725698987552,
      1.0037538024683048,
      1.0027954413217766,
      1.0018504572386804,
      1.0012898228993101,
      1.0009186945144766
    ],
    "slope": 0.003581047168712509,
    "intercept": 0.018746061523515704
  },
  "mds_stress": 0.9413338294835152,
  "rank_cm": 0.531875,
  "betti1_skipped": true
}