{
  "kernel_file": "K_2048_same_rho1p14_a2p55_b1p50.npy",
  "n": 2048,
  "spectral_dimension_mean": -0.09524261837650624,
  "spectral_dimension_se": 0.00047687313387121435,
  "heat_meta": {
    "t_grid": [
      0.25,
      0.2,
      0.15,
      0.1,
      0.07,
      0.05,
      0.035,
      0.025,
      0.02,
      0.015,
      0.01,
      0.007,
      0.005
    ],
    "heat_trace": [
      1.1090999797653454,
      1.083098895641483,
      1.0594546735891064,
      1.0378803693492429,
      1.0258261816857608,
      1.0181317192616022,
      1.0125310993683667,
      1.0088755678217762,
      1.0070707188582086,
      1.0052809107375649,
      1.003505969016998,
      1.0024480682663226,
      1.001745721861798
    ],
    "slope": 0.022590263811003673,
    "intercept": 0.10242201528950323
  },
  "mds_stress": 0.9454685796799444,
  "rank_cm": 0.3675,
  "betti1_skipped": true
}