{
  "kernel_file": "K_2048_same_rho1p16_a2p55_b1p50.npy",
  "n": 2048,
  "spectral_dimension_mean": -0.026338995726462127,
  "spectral_dimension_se": 6.447207958755858e-05,
  "heat_meta": {
    "t_grid": [
      0.05,
      0.035,
      0.025,
      0.02,
      0.015,
      0.01,
      0.007,
      0.005
    ],
    "heat_trace": [
      1.0185144048711898,
      1.0127887327966236,
      1.0090548737474454,
      1.0072123138660278,
      1.0053857380077,
      1.0035749532155107,
      1.0024959829106663,
      1.001779769543106
    ],
    "slope": 0.006744299317062548,
    "intercept": 0.035390132760202225
  },
  "mds_stress": 0.9433317132219565,
  "rank_cm": 0.3725,
  "betti1_skipped": true
}