{
  "kernel_file": "K_2048_same_rho1p16_a2p55_b1p40.npy",
  "n": 2048,
  "spectral_dimension_mean": -0.09606614712551464,
  "spectral_dimension_se": 0.0005787545209076137,
  "heat_meta": {
    "t_grid": [
      0.25,
      0.2,
      0.15,
      0.1,
      0.07,
      0.05,
      0.035,
      0.025,
      0.02,
      0.015,
      0.01,
      0.007,
      0.005
    ],
    "heat_trace": [
      1.1133292564262587,
      1.0857095504056355,
      1.0609280100991592,
      1.038591266079474,
      1.026224496238402,
      1.0183727607914734,
      1.0126782992844172,
      1.008970873525531,
      1.0071431244270748,
      1.0053323823920275,
      1.0035384256704822,
      1.0024700177581194,
      1.0017610362939744
    ],
    "slope": 0.023300013969851582,
    "intercept": 0.10548135109915738
  },
  "mds_stress": 0.9370526580061734,
  "rank_cm": 0.3883333333333333,
  "betti1_skipped": true
}