{
  "kernel_file": "K_2048_same_rho1p16_a2p55_b1p45.npy",
  "n": 2048,
  "spectral_dimension_mean": -0.011752459289850487,
  "spectral_dimension_se": 9.766191127322186e-06,
  "heat_meta": {
    "t_grid": [
      0.05,
      0.035,
      0.025,
      0.02,
      0.015,
      0.01,
      0.007,
      0.005
    ],
    "heat_trace": [
      1.009556892054595,
      1.006549364521352,
      1.0046125504252512,
      1.0036641220920826,
      1.0027288046229803,
      1.0018064450253406,
      1.0012591863430884,
      1.0008968928212947
    ],
    "slope": 0.003494807445188299,
    "intercept": 0.018295191931011846
  },
  "mds_stress": 0.9400818076690773,
  "rank_cm": 0.534375,
  "betti1_skipped": true
}