{
  "kernel_file": "K_2048_same_rho1p16_a2p55_b1p58.npy",
  "n": 2048,
  "spectral_dimension_mean": -0.09544659510483293,
  "spectral_dimension_se": 0.0002788200694122977,
  "heat_meta": {
    "t_grid": [
      0.25,
      0.2,
      0.15,
      0.1,
      0.07,
      0.05,
      0.035,
      0.025,
      0.02,
      0.015,
      0.01,
      0.007,
      0.005
    ],
    "heat_trace": [
      1.1119563350764083,
      1.0853072053021895,
      1.0610550616886745,
      1.0389114077976978,
      1.026533321447404,
      1.0186300222072642,
      1.0128763987014247,
      1.0091205565144594,
      1.007266052919812,
      1.0054269209088624,
      1.0036029837454332,
      1.0025158424288274,
      1.0017940672989827
    ],
    "slope": 0.02316372396751585,
    "intercept": 0.10503806587474102
  },
  "mds_stress": 0.9487501103134037,
  "rank_cm": 0.3575,
  "betti1_skipped": true
}