{
  "kernel_file": "K_2048_same_rho1p12_a2p55_b1p50.npy",
  "n": 2048,
  "spectral_dimension_mean": -0.011682569965718138,
  "spectral_dimension_se": 9.65417814901645e-06,
  "heat_meta": {
    "t_grid": [
      0.05,
      0.035,
      0.025,
      0.02,
      0.015,
      0.01,
      0.007,
      0.005
    ],
    "heat_trace": [
      1.0093198091944493,
      1.0064033005759574,
      1.0045173773769256,
      1.0035915739838914,
      1.0026770506238352,
      1.0017736903785646,
      1.0012369845235038,
      1.0008813780235981
    ],
    "slope": 0.00340909009501806,
    "intercept": 0.017857831704540608
  },
  "mds_stress": 0.9476377967688089,
  "rank_cm": 0.52125,
  "betti1_skipped": true
}