{
  "kernel_file": "K_4096_same_rho1p16_a2p55_b1p47.npy",
  "n": 4096,
  "spectral_dimension_mean": -0.043496354913023755,
  "spectral_dimension_se": 0.0002069817249018273,
  "heat_meta": {
    "t_grid": [
      0.05,
      0.035,
      0.025,
      0.02,
      0.015,
      0.01,
      0.007,
      0.005
    ],
    "heat_trace": [
      1.0305689536594265,
      1.021130357265627,
      1.0149682636829493,
      1.0119253100264785,
      1.0089073208751795,
      1.0059139796211307,
      1.0041296760796423,
      1.0029449748012498
    ],
    "slope": 0.011071543885785382,
    "intercept": 0.05813455556634105
  },
  "mds_stress": 0.9647306628770236,
  "rank_cm": 0.063125,
  "betti1_skipped": true
}