{
  "kernel_file": "K_4096_same_rho1p16_a2p55_b1p35.npy",
  "n": 4096,
  "spectral_dimension_mean": -0.1911493070865395,
  "spectral_dimension_se": 0.0009777946608145805,
  "heat_meta": {
    "t_grid": [
      0.25,
      0.2,
      0.15,
      0.1,
      0.07,
      0.05,
      0.035,
      0.025,
      0.02,
      0.015,
      0.01,
      0.007,
      0.005
    ],
    "heat_trace": [
      1.2505779000006958,
      1.1896189419890268,
      1.1349367860443242,
      1.0855951243452113,
      1.058228494448321,
      1.0408268672131373,
      1.0281906766765334,
      1.0199557587851658,
      1.015893454889721,
      1.0118672293735016,
      1.0078765753323542,
      1.0054990498042367,
      1.003920995089588
    ],
    "slope": 0.04907777658532392,
    "intercept": 0.2229868353582226
  },
  "mds_stress": 0.9575201667131182,
  "rank_cm": 0.0,
  "betti1_skipped": true
}