{
  "kernel_file": "K_4096_same_rho1p18_a2p55_b1p50.npy",
  "n": 4096,
  "spectral_dimension_mean": -0.04381724868226411,
  "spectral_dimension_se": 0.00014441511100591847,
  "heat_meta": {
    "t_grid": [
      0.05,
      0.035,
      0.025,
      0.02,
      0.015,
      0.01,
      0.007,
      0.005
    ],
    "heat_trace": [
      1.031269807970382,
      1.0216091471266642,
      1.015304807836927,
      1.0121924064070589,
      1.0091060587712262,
      1.0060454282930449,
      1.004221256289187,
      1.003010183904743
    ],
    "slope": 0.011321393788332959,
    "intercept": 0.05944411272072244
  },
  "mds_stress": 0.9648144339975342,
  "rank_cm": 0.063125,
  "betti1_skipped": true
}