{
  "kernel_file": "K_4096_same_rho1p16_a2p55_b1p45.npy",
  "n": 4096,
  "spectral_dimension_mean": -0.1898079305198757,
  "spectral_dimension_se": 0.0009650215213013319,
  "heat_meta": {
    "t_grid": [
      0.25,
      0.2,
      0.15,
      0.1,
      0.07,
      0.05,
      0.035,
      0.025,
      0.02,
      0.015,
      0.01,
      0.007,
      0.005
    ],
    "heat_trace": [
      1.2449893027653673,
      1.1862548449077603,
      1.1330827091111424,
      1.0847193141397358,
      1.0577429957767766,
      1.0405347390144732,
      1.0280128463231637,
      1.019840783534747,
      1.0158061442258792,
      1.0118051761254134,
      1.0078374457594181,
      1.0054725840122538,
      1.0039025268144792
    ],
    "slope": 0.04824278306201823,
    "intercept": 0.2193865248862412
  },
  "mds_stress": 0.9636165536482617,
  "rank_cm": 0.0,
  "betti1_skipped": true
}