{
  "kernel_file": "K_4096_opposite_rho1p16_a2p55_b1p50.npy",
  "n": 4096,
  "spectral_dimension_mean": -0.04165885443156369,
  "spectral_dimension_se": 0.0002106463646965835,
  "heat_meta": {
    "t_grid": [
      0.05,
      0.035,
      0.025,
      0.02,
      0.015,
      0.01,
      0.007,
      0.005
    ],
    "heat_trace": [
      1.0243450002770127,
      1.0168780156330897,
      1.0119791385180117,
      1.0095529734666011,
      1.007142123953812,
      1.0047464422042252,
      1.0033162528909378,
      1.0023657822691012
    ],
    "slope": 0.008845386930969113,
    "intercept": 0.04646926931151476
  },
  "mds_stress": 0.9692311780640854,
  "rank_cm": 0.038125,
  "betti1_skipped": true
}