{
  "kernel_file": "K_4096_same_rho1p16_a2p55_b1p55.npy",
  "n": 4096,
  "spectral_dimension_mean": -0.04350354939497301,
  "spectral_dimension_se": 0.00020770546840741746,
  "heat_meta": {
    "t_grid": [
      0.05,
      0.035,
      0.025,
      0.02,
      0.015,
      0.01,
      0.007,
      0.005
    ],
    "heat_trace": [
      1.0304903009733286,
      1.0210862827294471,
      1.0149417652818071,
      1.0119060478423105,
      1.0088942989583456,
      1.0059062300600785,
      1.0041246367292487,
      1.0029415570052116
    ],
    "slope": 0.011043844005456056,
    "intercept": 0.05799603645883417
  },
  "mds_stress": 0.9686300293199522,
  "rank_cm": 0.044375,
  "betti1_skipped": true
}