{
  "kernel_file": "K_4096_same_rho1p16_a2p55_b1p60.npy",
  "n": 4096,
  "spectral_dimension_mean": -0.1886724724402659,
  "spectral_dimension_se": 0.0009510713941494375,
  "heat_meta": {
    "t_grid": [
      0.25,
      0.2,
      0.15,
      0.1,
      0.07,
      0.05,
      0.035,
      0.025,
      0.02,
      0.015,
      0.01,
      0.007,
      0.005
    ],
    "heat_trace": [
      1.2397151433609446,
      1.1830551606054525,
      1.1313120304779642,
      1.0838843462794232,
      1.057282758552173,
      1.0402597250972883,
      1.0278467095580155,
      1.0197340849141154,
      1.0157254378052176,
      1.0117480695448606,
      1.007801613628643,
      1.00544842758409,
      1.0038857090088436
    ],
    "slope": 0.04744823888158784,
    "intercept": 0.21596195624833653
  },
  "mds_stress": 0.9706309206034658,
  "rank_cm": 0.0,
  "betti1_skipped": true
}