{
  "kernel_file": "K_4096_same_rho1p2_a20p5_b1p6.npy",
  "n": 4096,
  "spectral_dimension_mean": -0.19355061566186982,
  "spectral_dimension_se": 0.0010597324317631847,
  "heat_meta": {
    "t_grid": [
      0.25,
      0.2,
      0.15,
      0.1,
      0.07,
      0.05,
      0.035,
      0.025,
      0.02,
      0.015,
      0.01,
      0.007,
      0.005
    ],
    "heat_trace": [
      1.2587033027681294,
      1.1965971817163414,
      1.1404057020274165,
      1.0893350252084986,
      1.0608692153735106,
      1.0427198268703477,
      1.0295179399226557,
      1.020904428044253,
      1.0166525448041184,
      1.0124366168954269,
      1.0082561840649384,
      1.0057647733523531,
      1.0041107935627227
    ],
    "slope": 0.05068697551395946,
    "intercept": 0.23054253836306193
  },
  "mds_stress": 0.9677432232570372,
  "rank_cm": 0.0,
  "betti1_skipped": true
}