{
  "kernel_file": "K_4096_same_rho1p16_a2p55_b1p50.npy",
  "n": 4096,
  "spectral_dimension_mean": -0.0571067869578921,
  "spectral_dimension_se": 0.0002837436628091161,
  "heat_meta": {
    "t_grid": [
      0.05,
      0.035,
      0.025,
      0.02,
      0.015,
      0.01,
      0.007,
      0.005
    ],
    "heat_trace": [
      1.0404243257933894,
      1.0279458249196813,
      1.019797565522829,
      1.0157733774070952,
      1.0117819303322748,
      1.007822817545282,
      1.0054627035439416,
      1.0038956387524083
    ],
    "slope": 0.014572504157677793,
    "intercept": 0.07654808471426194
  },
  "mds_stress": 0.9662998333841258,
  "rank_cm": 0.0,
  "betti1_skipped": true
}