{
  "kernel_file": "K_4096_same_rho1p18_a2p55_b1p50.npy",
  "n": 4096,
  "spectral_dimension_mean": -0.19117347636443802,
  "spectral_dimension_se": 0.0009494632451988312,
  "heat_meta": {
    "t_grid": [
      0.25,
      0.2,
      0.15,
      0.1,
      0.07,
      0.05,
      0.035,
      0.025,
      0.02,
      0.015,
      0.01,
      0.007,
      0.005
    ],
    "heat_trace": [
      1.2507725420969904,
      1.1905614140660066,
      1.1360976798871467,
      1.0866004739484476,
      1.059010014041029,
      1.0414172118188272,
      1.0286191496615276,
      1.0202685483258582,
      1.0161462634703335,
      1.0120587113590518,
      1.008005443144827,
      1.005589754550602,
      1.0039860174052888
    ],
    "slope": 0.04926563388990865,
    "intercept": 0.2240405410518956
  },
  "mds_stress": 0.9648144339975342,
  "rank_cm": 0.0,
  "betti1_skipped": true
}