{
  "kernel_file": "K_4096_same_rho1p16_a2p55_b1p49.npy",
  "n": 4096,
  "spectral_dimension_mean": -0.04349689645765189,
  "spectral_dimension_se": 0.0002071659692053454,
  "heat_meta": {
    "t_grid": [
      0.05,
      0.035,
      0.025,
      0.02,
      0.015,
      0.01,
      0.007,
      0.005
    ],
    "heat_trace": [
      1.030546657318565,
      1.0211177732388652,
      1.0149606458258191,
      1.0119197481291535,
      1.0089035410002722,
      1.0059117156763555,
      1.004128197155345,
      1.0029439683345467
    ],
    "slope": 0.011063689194801671,
    "intercept": 0.05809521185125858
  },
  "mds_stress": 0.9657909973392345,
  "rank_cm": 0.058125,
  "betti1_skipped": true
}