{
  "kernel_file": "K_4096_same_rho1p16_a2p55_b1p51.npy",
  "n": 4096,
  "spectral_dimension_mean": -0.04349830722783982,
  "spectral_dimension_se": 0.0002073479532732277,
  "heat_meta": {
    "t_grid": [
      0.05,
      0.035,
      0.025,
      0.02,
      0.015,
      0.01,
      0.007,
      0.005
    ],
    "heat_trace": [
      1.0305261537002604,
      1.0211062497243524,
      1.0149536981698735,
      1.011914688673446,
      1.0089001132501312,
      1.0059096703900476,
      1.0041268646585424,
      1.002943063336737
    ],
    "slope": 0.011056467223494598,
    "intercept": 0.0580590726840997
  },
  "mds_stress": 0.9667942302569232,
  "rank_cm": 0.05375,
  "betti1_skipped": true
}