{
  "kernel_file": "K_4096_same_rho1p14_a2p55_b1p50.npy",
  "n": 4096,
  "spectral_dimension_mean": -0.043303751273223855,
  "spectral_dimension_se": 0.0001468763363710436,
  "heat_meta": {
    "t_grid": [
      0.05,
      0.035,
      0.025,
      0.02,
      0.015,
      0.01,
      0.007,
      0.005
    ],
    "heat_trace": [
      1.0298012311043983,
      1.0206129675447124,
      1.0146078770282911,
      1.0116405896772918,
      1.0086964323009946,
      1.0057751288009686,
      1.0040332032822301,
      1.0028764072865002
    ],
    "slope": 0.010797920840849917,
    "intercept": 0.056705363844612014
  },
  "mds_stress": 0.9677459064432634,
  "rank_cm": 0.049375,
  "betti1_skipped": true
}