{
  "kernel_file": "K_4096_same_rho1p16_a2p55_b1p40.npy",
  "n": 4096,
  "spectral_dimension_mean": -0.19040229727634528,
  "spectral_dimension_se": 0.0009708466068498054,
  "heat_meta": {
    "t_grid": [
      0.25,
      0.2,
      0.15,
      0.1,
      0.07,
      0.05,
      0.035,
      0.025,
      0.02,
      0.015,
      0.01,
      0.007,
      0.005
    ],
    "heat_trace": [
      1.247515983929341,
      1.1877812338160185,
      1.1339265655019197,
      1.0851189263906058,
      1.057964764758936,
      1.040668247343174,
      1.028094135975263,
      1.0198933431457617,
      1.0158460566380116,
      1.0118335413059227,
      1.007855330900299,
      1.0054846800838104,
      1.0039109672300688
    ],
    "slope": 0.048621573967819985,
    "intercept": 0.2210202544229226
  },
  "mds_stress": 0.9606461913627543,
  "rank_cm": 0.0,
  "betti1_skipped": true
}