{
  "kernel_file": "K_4096_same_rho1p16_a2p55_b1p45.npy",
  "n": 4096,
  "spectral_dimension_mean": -0.04355912093253635,
  "spectral_dimension_se": 0.00014532916207766802,
  "heat_meta": {
    "t_grid": [
      0.05,
      0.035,
      0.025,
      0.02,
      0.015,
      0.01,
      0.007,
      0.005
    ],
    "heat_trace": [
      1.0305931693586836,
      1.0211440749466307,
      1.0149765971545073,
      1.0119314080883373,
      1.0089114762712443,
      1.005916476596919,
      1.0041313109904098,
      1.0029460893294402
    ],
    "slope": 0.011080075824194542,
    "intercept": 0.05817732832999721
  },
  "mds_stress": 0.9636165536482617,
  "rank_cm": 0.068125,
  "betti1_skipped": true
}