{
  "kernel_file": "K_4096_same_rho1p20_a2p55_b1p50.npy",
  "n": 4096,
  "spectral_dimension_mean": -0.044076270905247655,
  "spectral_dimension_se": 0.00014318665693469158,
  "heat_meta": {
    "t_grid": [
      0.05,
      0.035,
      0.025,
      0.02,
      0.015,
      0.01,
      0.007,
      0.005
    ],
    "heat_trace": [
      1.0320021302447788,
      1.0221047659210962,
      1.0156510236547518,
      1.0124663296156562,
      1.0093092480526715,
      1.0061794079612687,
      1.0043144278713962,
      1.0030764447275125
    ],
    "slope": 0.01158211187492383,
    "intercept": 0.06080750183757154
  },
  "mds_stress": 0.9632988248683987,
  "rank_cm": 0.06875,
  "betti1_skipped": true
}