{
  "kernel_file": "K_4096_same_rho1p16_a2p55_b1p53.npy",
  "n": 4096,
  "spectral_dimension_mean": -0.0435005399433075,
  "spectral_dimension_se": 0.0002075302598891592,
  "heat_meta": {
    "t_grid": [
      0.05,
      0.035,
      0.025,
      0.02,
      0.015,
      0.01,
      0.007,
      0.005
    ],
    "heat_trace": [
      1.0305073654062502,
      1.0210957466245274,
      1.0149473982915884,
      1.0119101160970752,
      1.00889702768228,
      1.0059078382522693,
      1.0041256751907102,
      1.0029422575953084
    ],
    "slope": 0.011049850955959159,
    "intercept": 0.058026005000993225
  },
  "mds_stress": 0.9677400078462621,
  "rank_cm": 0.04875,
  "betti1_skipped": true
}