{
  "kernel_file": "K_4096_same_rho1p16_a2p55_b1p65.npy",
  "n": 4096,
  "spectral_dimension_mean": -0.1884494661427248,
  "spectral_dimension_se": 0.0009469775362394725,
  "heat_meta": {
    "t_grid": [
      0.25,
      0.2,
      0.15,
      0.1,
      0.07,
      0.05,
      0.035,
      0.025,
      0.02,
      0.015,
      0.01,
      0.007,
      0.005
    ],
    "heat_trace": [
      1.2385161776491593,
      1.1823301693817052,
      1.130914489004839,
      1.0837005218867282,
      1.0571835395970643,
      1.0402016603342346,
      1.0278123727534045,
      1.0197124292072723,
      1.0157092305858222,
      1.0117367370665182,
      1.0077945973989344,
      1.0054437392367037,
      1.0038824654263663
    ],
    "slope": 0.047267850331687414,
    "intercept": 0.21518649226974995
  },
  "mds_stress": 0.9723532221664539,
  "rank_cm": 0.0,
  "betti1_skipped": true
}