{
  "kernel_file": "K_4096_same_rho1p14_a2p55_b1p50.npy",
  "n": 4096,
  "spectral_dimension_mean": -0.187554297998056,
  "spectral_dimension_se": 0.0009715411751536142,
  "heat_meta": {
    "t_grid": [
      0.25,
      0.2,
      0.15,
      0.1,
      0.07,
      0.05,
      0.035,
      0.025,
      0.02,
      0.015,
      0.01,
      0.007,
      0.005
    ],
    "heat_trace": [
      1.2351957026111577,
      1.1795012490140302,
      1.1287013253682172,
      1.0821843003603786,
      1.0561106273086145,
      1.0394312117969902,
      1.0272713876115152,
      1.019325365225055,
      1.0153993552910223,
      1.011504179136064,
      1.007639468630418,
      1.0053351148002037,
      1.0038048612546102
    ],
    "slope": 0.046606897892206206,
    "intercept": 0.21208571301838117
  },
  "mds_stress": 0.9677459064432634,
  "rank_cm": 0.0,
  "betti1_skipped": true
}