{
  "kernel_file": "K_4096_same_rho1p20_a2p55_b1p50.npy",
  "n": 4096,
  "spectral_dimension_mean": -0.1930688683115398,
  "spectral_dimension_se": 0.0009404907972385426,
  "heat_meta": {
    "t_grid": [
      0.25,
      0.2,
      0.15,
      0.1,
      0.07,
      0.05,
      0.035,
      0.025,
      0.02,
      0.015,
      0.01,
      0.007,
      0.005
    ],
    "heat_trace": [
      1.2588292021348013,
      1.1962282717923107,
      1.1398541648169533,
      1.088825107922424,
      1.0604638283252275,
      1.0424100779836374,
      1.0292914771814983,
      1.0207383840007955,
      1.0165180654993626,
      1.0123345582767156,
      1.0081873676613842,
      1.005716282675691,
      1.0040760075026909
    ],
    "slope": 0.050620267693388225,
    "intercept": 0.2301220666034612
  },
  "mds_stress": 0.9632988248683987,
  "rank_cm": 0.0,
  "betti1_skipped": true
}