{
  "kernel_file": "K_4096_same_rho1p16_a2p55_b1p55.npy",
  "n": 4096,
  "spectral_dimension_mean": -0.18896342739779232,
  "spectral_dimension_se": 0.0009554070365296323,
  "heat_meta": {
    "t_grid": [
      0.25,
      0.2,
      0.15,
      0.1,
      0.07,
      0.05,
      0.035,
      0.025,
      0.02,
      0.015,
      0.01,
      0.007,
      0.005
    ],
    "heat_trace": [
      1.2411606001205708,
      1.183932258744766,
      1.1317963314919681,
      1.084111270981304,
      1.0574069221596574,
      1.0403333672951474,
      1.027890857515895,
      1.0197622545649312,
      1.0157466646581803,
      1.0117630260652486,
      1.00781095402804,
      1.0054547049064881,
      1.0038900696918385
    ],
    "slope": 0.04766619687991346,
    "intercept": 0.2169005446173596
  },
  "mds_stress": 0.9686300293199522,
  "rank_cm": 0.0,
  "betti1_skipped": true
}