{
  "kernel_file": "K_4096_same_rho1p12_a2p55_b1p50.npy",
  "n": 4096,
  "spectral_dimension_mean": -0.04304948851138746,
  "spectral_dimension_se": 0.000148102878921644,
  "heat_meta": {
    "t_grid": [
      0.05,
      0.035,
      0.025,
      0.02,
      0.015,
      0.01,
      0.007,
      0.005
    ],
    "heat_trace": [
      1.0290651964935393,
      1.020112605416075,
      1.0142573216894506,
      1.0113628302010795,
      1.0084901000205917,
      1.0056388815972734,
      1.003938373741511,
      1.002808929028962
    ],
    "slope": 0.01053524469844704,
    "intercept": 0.05533044691829314
  },
  "mds_stress": 0.9691473413253293,
  "rank_cm": 0.0425,
  "betti1_skipped": true
}