{
  "kernel_file": "K_4096_same_rho1p12_a2p55_b1p50.npy",
  "n": 4096,
  "spectral_dimension_mean": -0.18582733760201595,
  "spectral_dimension_se": 0.0009839445232694645,
  "heat_meta": {
    "t_grid": [
      0.25,
      0.2,
      0.15,
      0.1,
      0.07,
      0.05,
      0.035,
      0.025,
      0.02,
      0.015,
      0.01,
      0.007,
      0.005
    ],
    "heat_trace": [
      1.2276529836179095,
      1.1740973607633107,
      1.1250571337170732,
      1.0799913751196657,
      1.054664492476162,
      1.0384378198265014,
      1.026595832193999,
      1.0188519552301738,
      1.015024207560203,
      1.0112254685108337,
      1.0074554053493379,
      1.0052069952856504,
      1.0037136902077224
    ],
    "slope": 0.04530052090652005,
    "intercept": 0.20620285069610408
  },
  "mds_stress": 0.9691473413253293,
  "rank_cm": 0.0,
  "betti1_skipped": true
}