{
  "kernel_file": "K_4096_same_rho1p16_a2p55_b1p56.npy",
  "n": 4096,
  "spectral_dimension_mean": -0.04350532396740405,
  "spectral_dimension_se": 0.00020779172657245143,
  "heat_meta": {
    "t_grid": [
      0.05,
      0.035,
      0.025,
      0.02,
      0.015,
      0.01,
      0.007,
      0.005
    ],
    "heat_trace": [
      1.030482397794987,
      1.021081931986814,
      1.0149391944185846,
      1.0119041999146854,
      1.008893066678642,
      1.0059055090830689,
      1.0041241736448727,
      1.0029412458552596
    ],
    "slope": 0.011041062966983149,
    "intercept": 0.05798218489830008
  },
  "mds_stress": 0.9690549965769991,
  "rank_cm": 0.0425,
  "betti1_skipped": true
}