{
  "kernel_file": "K_8192_same_rho1p16_a2p55_b1p55.npy",
  "n": 8192,
  "spectral_dimension_mean": -0.07463691442719568,
  "spectral_dimension_se": 0.00014121761241888423,
  "heat_meta": {
    "t_grid": [
      0.05,
      0.035,
      0.025,
      0.02,
      0.015,
      0.01,
      0.007,
      0.005
    ],
    "heat_trace": [
      1.0553736897725128,
      1.0382624049917448,
      1.027097491458567,
      1.0215860233522733,
      1.0161211056876485,
      1.0107021684544515,
      1.0074726429664442,
      1.0053286506276207
    ],
    "slope": 0.01982064323667524,
    "intercept": 0.10416177123635008
  },
  "mds_stress": 0.9803213092441854,
  "rank_cm": 0.0,
  "betti1_skipped": true
}