{
  "kernel_file": "K_8192_same_rho1p14_a2p55_b1p50.npy",
  "n": 8192,
  "spectral_dimension_mean": -0.27643589606841223,
  "spectral_dimension_se": 0.0016859321386139968,
  "heat_meta": {
    "t_grid": [
      0.25,
      0.2,
      0.15,
      0.1,
      0.07,
      0.05,
      0.035,
      0.025,
      0.02,
      0.015,
      0.01,
      0.007,
      0.005
    ],
    "heat_trace": [
      1.4009377786244825,
      1.3040830669982493,
      1.2166967857015543,
      1.1375509070346193,
      1.0935813546172013,
      1.0656106614373027,
      1.045299072911243,
      1.0320634854978963,
      1.025535051874482,
      1.0190652057132186,
      1.012653222137445,
      1.0088335087569946,
      1.0062983876655751
    ],
    "slope": 0.0748558991830421,
    "intercept": 0.3413274424885189
  },
  "mds_stress": 0.9799112144857351,
  "rank_cm": 0.0,
  "betti1_skipped": true
}