{
  "kernel_file": "K_8192_same_rho1p16_a2p55_b1p40.npy",
  "n": 8192,
  "spectral_dimension_mean": -0.2827692696120412,
  "spectral_dimension_se": 0.0017124073484786,
  "heat_meta": {
    "t_grid": [
      0.25,
      0.2,
      0.15,
      0.1,
      0.07,
      0.05,
      0.035,
      0.025,
      0.02,
      0.015,
      0.01,
      0.007,
      0.005
    ],
    "heat_trace": [
      1.4284565636306366,
      1.322838430717565,
      1.228736077630842,
      1.1444511159279633,
      1.098001860038047,
      1.0685895211808214,
      1.0472960170465495,
      1.0334496184713957,
      1.026628264650557,
      1.0198735441227766,
      1.0131845303996634,
      1.009202282233737,
      1.0065603135801908
    ],
    "slope": 0.0789350458848798,
    "intercept": 0.3596027672056125
  },
  "mds_stress": 0.9763244076128801,
  "rank_cm": 0.0,
  "betti1_skipped": true
}