{
  "kernel_file": "K_8192_same_rho1p20_a2p50_b1p60.npy",
  "n": 8192,
  "spectral_dimension_mean": -0.24783103478750837,
  "spectral_dimension_se": 0.0007818552931001002,
  "heat_meta": {
    "t_grid": [
      0.25,
      0.2,
      0.15,
      0.1,
      0.07,
      0.05,
      0.035,
      0.025,
      0.02,
      0.015,
      0.01,
      0.007,
      0.005
    ],
    "heat_trace": [
      1.3600621843738794,
      1.2727767621218653,
      1.1942351956176334,
      1.1232327899566208,
      1.083825973699374,
      1.0587672222521658,
      1.040573155378008,
      1.0287182057532542,
      1.022870897831889,
      1.0170761021436878,
      1.0113331341219962,
      1.007911950115315,
      1.0056413206833161
    ],
    "slope": 0.06805355570460726,
    "intercept": 0.30998690161851644
  },
  "mds_stress": 0.9798320343026689,
  "rank_cm": 0.0,
  "betti1_skipped": true
}