{
  "kernel_file": "K_8192_same_rho1p16_a2p55_b1p45.npy",
  "n": 8192,
  "spectral_dimension_mean": -0.07492320934756155,
  "spectral_dimension_se": 0.00013953636671967657,
  "heat_meta": {
    "t_grid": [
      0.05,
      0.035,
      0.025,
      0.02,
      0.015,
      0.01,
      0.007,
      0.005
    ],
    "heat_trace": [
      1.055964706617298,
      1.0386465265966098,
      1.0273584416181762,
      1.0217895684305534,
      1.0162699281026755,
      1.0107988747264396,
      1.0075392998666814,
      1.0053757733987905
    ],
    "slope": 0.02002581743987726,
    "intercept": 0.10522574667305565
  },
  "mds_stress": 0.9778387169688351,
  "rank_cm": 0.0,
  "betti1_skipped": true
}