{
  "kernel_file": "K_8192_same_rho1p18_a2p55_b1p50.npy",
  "n": 8192,
  "spectral_dimension_mean": -0.28343075674835194,
  "spectral_dimension_se": 0.0017069975420016255,
  "heat_meta": {
    "t_grid": [
      0.25,
      0.2,
      0.15,
      0.1,
      0.07,
      0.05,
      0.035,
      0.025,
      0.02,
      0.015,
      0.01,
      0.007,
      0.005
    ],
    "heat_trace": [
      1.4307701924682694,
      1.3251344242376297,
      1.230690315684449,
      1.1458570886280484,
      1.0990156747655198,
      1.0693244015671874,
      1.0478149626406639,
      1.0338221059321961,
      1.0269269012060063,
      1.0200979688050298,
      1.0133344206119694,
      1.0093073123536593,
      1.0066353836946462
    ],
    "slope": 0.07940027146054474,
    "intercept": 0.36186558898044774
  },
  "mds_stress": 0.9783976774462138,
  "rank_cm": 0.0,
  "betti1_skipped": true
}