{
  "kernel_file": "K_8192_same_rho1p16_a2p55_b1p55.npy",
  "n": 8192,
  "spectral_dimension_mean": -0.2787668855385519,
  "spectral_dimension_se": 0.0016895106896659673,
  "heat_meta": {
    "t_grid": [
      0.25,
      0.2,
      0.15,
      0.1,
      0.07,
      0.05,
      0.035,
      0.025,
      0.02,
      0.015,
      0.01,
      0.007,
      0.005
    ],
    "heat_trace": [
      1.4105995971668759,
      1.3111694087979457,
      1.221582998925645,
      1.1405535339058621,
      1.0955852806870072,
      1.0669978788454186,
      1.0462477947786233,
      1.032730788703265,
      1.0260648172826556,
      1.0194595037898073,
      1.0129140911722825,
      1.0090152855778545,
      1.0064278343515567
    ],
    "slope": 0.07638346295391077,
    "intercept": 0.34829482686450847
  },
  "mds_stress": 0.9803213092441854,
  "rank_cm": 0.0,
  "betti1_skipped": true
}