{
  "kernel_file": "K_8192_same_rho1p18_a2p55_b1p50.npy",
  "n": 8192,
  "spectral_dimension_mean": -0.07543833806493386,
  "spectral_dimension_se": 0.00014013451299695138,
  "heat_meta": {
    "t_grid": [
      0.05,
      0.035,
      0.025,
      0.02,
      0.015,
      0.01,
      0.007,
      0.005
    ],
    "heat_trace": [
      1.0571196955586348,
      1.0394385491586076,
      1.0279165227834894,
      1.0222330188833342,
      1.016600277295177,
      1.0110176297048978,
      1.0076918125237133,
      1.0054844191919796
    ],
    "slope": 0.020427875289029975,
    "intercept": 0.10733909706427687
  },
  "mds_stress": 0.9783976774462138,
  "rank_cm": 0.0,
  "betti1_skipped": true
}