{
  "kernel_file": "K_8192_opposite_rho1p16_a2p55_b1p50.npy",
  "n": 8192,
  "spectral_dimension_mean": -0.07012039624410729,
  "spectral_dimension_se": 0.00022485564665784984,
  "heat_meta": {
    "t_grid": [
      0.05,
      0.035,
      0.025,
      0.02,
      0.015,
      0.01,
      0.007,
      0.005
    ],
    "heat_trace": [
      1.0445150398708776,
      1.030836336586932,
      1.0218741579679813,
      1.0174392149018185,
      1.0130346272691977,
      1.0086600934457428,
      1.0060496749535046,
      1.0043153156730322
    ],
    "slope": 0.0160180846353827,
    "intercept": 0.0841979275080321
  },
  "mds_stress": 0.981050262077423,
  "rank_cm": 0.0,
  "betti1_skipped": true
}