{
  "kernel_file": "K_8192_same_rho1p12_a2p55_b1p50.npy",
  "n": 8192,
  "spectral_dimension_mean": -0.07345588173540203,
  "spectral_dimension_se": 0.00014094062259671327,
  "heat_meta": {
    "t_grid": [
      0.05,
      0.035,
      0.025,
      0.02,
      0.015,
      0.01,
      0.007,
      0.005
    ],
    "heat_trace": [
      1.052722688334239,
      1.0364536789849002,
      1.02582723552014,
      1.0205783374511983,
      1.0153716532106971,
      1.0102066907725422,
      1.0071275378613442,
      1.0050829654970712
    ],
    "slope": 0.018895991609224116,
    "intercept": 0.09930867480608715
  },
  "mds_stress": 0.9806494425715875,
  "rank_cm": 0.0,
  "betti1_skipped": true
}