{
  "kernel_file": "K_8192_same_rho1p16_a2p55_b1p65.npy",
  "n": 8192,
  "spectral_dimension_mean": -0.2770071917008242,
  "spectral_dimension_se": 0.0016799742197373957,
  "heat_meta": {
    "t_grid": [
      0.25,
      0.2,
      0.15,
      0.1,
      0.07,
      0.05,
      0.035,
      0.025,
      0.02,
      0.015,
      0.01,
      0.007,
      0.005
    ],
    "heat_trace": [
      1.4025615940276277,
      1.3058386826038069,
      1.218269427839579,
      1.1387241147025535,
      1.094442409245893,
      1.0662414489772372,
      1.0457478265762208,
      1.032387115647608,
      1.0257951153418976,
      1.0192610853254072,
      1.0127843387995128,
      1.0089255050870576,
      1.0063641991964376
    ],
    "slope": 0.07521346986433385,
    "intercept": 0.3430973110415226
  },
  "mds_stress": 0.9822610925916012,
  "rank_cm": 0.0,
  "betti1_skipped": true
}