{
  "kernel_file": "K_8192_same_rho1p2_a20p5_b1p6.npy",
  "n": 8192,
  "spectral_dimension_mean": -0.2860555023438224,
  "spectral_dimension_se": 0.0009829693118541228,
  "heat_meta": {
    "t_grid": [
      0.25,
      0.2,
      0.15,
      0.1,
      0.07,
      0.05,
      0.035,
      0.025,
      0.02,
      0.015,
      0.01,
      0.007,
      0.005
    ],
    "heat_trace": [
      1.4424835520287498,
      1.3339538312135333,
      1.2369134329941103,
      1.1497598053048244,
      1.1016492299199672,
      1.0711601428249173,
      1.0490766926538262,
      1.0347124301094812,
      1.0276348384108247,
      1.020625701231208,
      1.0136841092687217,
      1.0095512032644678,
      1.006809168524568
    ],
    "slope": 0.08125963019979467,
    "intercept": 0.37041003804338063
  },
  "mds_stress": 0.9798320343026689,
  "rank_cm": 0.0,
  "betti1_skipped": true
}