{
  "kernel_file": "K_8192_same_rho1p16_a2p55_b1p50.npy",
  "n": 8192,
  "spectral_dimension_mean": -0.24261253458594398,
  "spectral_dimension_se": 0.0007730618374032224,
  "heat_meta": {
    "t_grid": [
      0.25,
      0.2,
      0.15,
      0.1,
      0.07,
      0.05,
      0.035,
      0.025,
      0.02,
      0.015,
      0.01,
      0.007,
      0.005
    ],
    "heat_trace": [
      1.338059361315502,
      1.256713220293955,
      1.183199116567028,
      1.1164695429622251,
      1.0793178589784882,
      1.0556485839389531,
      1.038441220579882,
      1.0272190375207837,
      1.0216808580323362,
      1.0161904639434096,
      1.0107472509260196,
      1.0075037223340693,
      1.0053506245315682
    ],
    "slope": 0.06446540831177416,
    "intercept": 0.2936722444479341
  },
  "mds_stress": 0.9791606876635998,
  "rank_cm": 0.0,
  "betti1_skipped": true
}