{
  "kernel_file": "K_8192_same_rho1p20_a2p55_b1p50.npy",
  "n": 8192,
  "spectral_dimension_mean": -0.2870709224888279,
  "spectral_dimension_se": 0.0017197170684723534,
  "heat_meta": {
    "t_grid": [
      0.25,
      0.2,
      0.15,
      0.1,
      0.07,
      0.05,
      0.035,
      0.025,
      0.02,
      0.015,
      0.01,
      0.007,
      0.005
    ],
    "heat_trace": [
      1.446332839609864,
      1.3360145725509285,
      1.2378610960369907,
      1.1500801701321044,
      1.1017665058011044,
      1.0711990146133334,
      1.0490823382106191,
      1.0347068297101365,
      1.0276266505630354,
      1.0206168502915003,
      1.0136764479185632,
      1.0095451159557702,
      1.0068044799485671
    ],
    "slope": 0.08172326348060789,
    "intercept": 0.3723512899478691
  },
  "mds_stress": 0.9776220644055307,
  "rank_cm": 0.0,
  "betti1_skipped": true
}