{
  "kernel_file": "K_8192_same_rho1p12_a2p55_b1p50.npy",
  "n": 8192,
  "spectral_dimension_mean": -0.2730763708447145,
  "spectral_dimension_se": 0.0016770955465805304,
  "heat_meta": {
    "t_grid": [
      0.25,
      0.2,
      0.15,
      0.1,
      0.07,
      0.05,
      0.035,
      0.025,
      0.02,
      0.015,
      0.01,
      0.007,
      0.005
    ],
    "heat_trace": [
      1.3866340516889386,
      1.2939005258293208,
      1.2098730773559112,
      1.133470224503385,
      1.090900372895058,
      1.0637736075149988,
      1.0440521256157187,
      1.0311907533738962,
      1.0248438995213067,
      1.0185520458095265,
      1.0123145387824677,
      1.00859785282776,
      1.006130734827355
    ],
    "slope": 0.07263357675679384,
    "intercept": 0.33127207652969526
  },
  "mds_stress": 0.9806494425715875,
  "rank_cm": 0.0,
  "betti1_skipped": true
}