{
  "kernel_file": "K_8192_same_rho1p20_a2p55_b1p50.npy",
  "n": 8192,
  "spectral_dimension_mean": -0.07611294494669692,
  "spectral_dimension_se": 0.00013988691104701578,
  "heat_meta": {
    "t_grid": [
      0.05,
      0.035,
      0.025,
      0.02,
      0.015,
      0.01,
      0.007,
      0.005
    ],
    "heat_trace": [
      1.0585957256381142,
      1.040437822734567,
      1.0286147356997135,
      1.0227855089296498,
      1.0170101534958829,
      1.0112879313467074,
      1.0078797999232263,
      1.0056181175464327
    ],
    "slope": 0.02094061397007252,
    "intercept": 0.11002572950458574
  },
  "mds_stress": 0.9776220644055307,
  "rank_cm": 0.0,
  "betti1_skipped": true
}