{
  "kernel_file": "K_8192_same_rho1p16_a2p55_b1p45.npy",
  "n": 8192,
  "spectral_dimension_mean": -0.28120679989940767,
  "spectral_dimension_se": 0.0017031669419028481,
  "heat_meta": {
    "t_grid": [
      0.25,
      0.2,
      0.15,
      0.1,
      0.07,
      0.05,
      0.035,
      0.025,
      0.02,
      0.015,
      0.01,
      0.007,
      0.005
    ],
    "heat_trace": [
      1.421543806540862,
      1.318353412674918,
      1.2260058512532934,
      1.1429735492530178,
      1.0970894205671977,
      1.0679901602593465,
      1.046902079147706,
      1.0331798311493405,
      1.0264169355480783,
      1.019718355826942,
      1.013083233487184,
      1.0091322679914227,
      1.006510724697817
    ],
    "slope": 0.07795567112232411,
    "intercept": 0.3552677975408011
  },
  "mds_stress": 0.9778387169688351,
  "rank_cm": 0.0,
  "betti1_skipped": true
}