{
  "kernel_file": "K_8192_same_rho1p16_a2p55_b1p35.npy",
  "n": 8192,
  "spectral_dimension_mean": -0.2846277947863278,
  "spectral_dimension_se": 0.0017241684535242792,
  "heat_meta": {
    "t_grid": [
      0.25,
      0.2,
      0.15,
      0.1,
      0.07,
      0.05,
      0.035,
      0.025,
      0.02,
      0.015,
      0.01,
      0.007,
      0.005
    ],
    "heat_trace": [
      1.4366065500237863,
      1.3280694806419095,
      1.2318871707381431,
      1.146138927140111,
      1.0990377270932465,
      1.0692671650055965,
      1.0477400304575295,
      1.0337530704551754,
      1.0268657170357272,
      1.0200477344376255,
      1.0132981120029767,
      1.0092807381458826,
      1.0066158581606397
    ],
    "slope": 0.08007555296753445,
    "intercept": 0.3646415624583832
  },
  "mds_stress": 0.9745757183958227,
  "rank_cm": 0.0,
  "betti1_skipped": true
}