{
  "kernel_file": "K_8192_same_rho1p14_a2p55_b1p50.npy",
  "n": 8192,
  "spectral_dimension_mean": -0.0741094697178293,
  "spectral_dimension_se": 0.00014066882035361757,
  "heat_meta": {
    "t_grid": [
      0.05,
      0.035,
      0.025,
      0.02,
      0.015,
      0.01,
      0.007,
      0.005
    ],
    "heat_trace": [
      1.0541829863770544,
      1.0374462985409192,
      1.0265226270666292,
      1.021129310265285,
      1.01578093059018,
      1.0104769423496531,
      1.0073156334922866,
      1.0052168084025714
    ],
    "slope": 0.019405489957726795,
    "intercept": 0.10198015374578738
  },
  "mds_stress": 0.9799112144857351,
  "rank_cm": 0.0,
  "betti1_skipped": true
}