{
  "kernel_file": "K_8192_same_rho1p16_a2p55_b1p60.npy",
  "n": 8192,
  "spectral_dimension_mean": -0.27781558040424353,
  "spectral_dimension_se": 0.0016842417295364533,
  "heat_meta": {
    "t_grid": [
      0.25,
      0.2,
      0.15,
      0.1,
      0.07,
      0.05,
      0.035,
      0.025,
      0.02,
      0.015,
      0.01,
      0.007,
      0.005
    ],
    "heat_trace": [
      1.406275101635331,
      1.308306466709304,
      1.2198062539663133,
      1.1395740219209236,
      1.0949738509284945,
      1.0665933961097336,
      1.0459805448329937,
      1.0325471263207562,
      1.0259207021388042,
      1.0193534907780903,
      1.0128447733893893,
      1.0089673251508833,
      1.0063938421369654
    ],
    "slope": 0.0757554967327451,
    "intercept": 0.3455058977562816
  },
  "mds_stress": 0.9813472568104997,
  "rank_cm": 0.0,
  "betti1_skipped": true
}