{
  "L": 64,
  "beta": 1.0,
  "reg": "sharp",
  "mu": 0.45,
  "width": 0.1,
  "Kp": 0.5,
  "J": 1.0,
  "Jex": 0.2,
  "sigma_ex": 1.0,
  "freq_moves": false,
  "dphi": 1.0,
  "domega": 0.05,
  "therm_sweeps": 100,
  "meas_sweeps": 400,
  "save_every": 20,
  "seed": 4,
  "pair_init": "bipartite",
  "pair_noise": 0.01,
  "x_min": 0.28,
  "x_max": 0.7,
  "window_mode": "discard",
  "hist_bins": 60,
  "hist_range_max": 1.2,
  "hist_edges": [
    0.0,
    0.02,
    0.04,
    0.06,
    0.08,
    0.1,
    0.12,
    0.14,
    0.16,
    0.18,
    0.2,
    0.22,
    0.24,
    0.26,
    0.28,
    0.3,
    0.32,
    0.34,
    0.36,
    0.38,
    0.4,
    0.42,
    0.44,
    0.46,
    0.48,
    0.5,
    0.52,
    0.54,
    0.56,
    0.58,
    0.6,
    0.62,
    0.64,
    0.66,
    0.68,
    0.7000000000000001,
    0.72,
    0.74,
    0.76,
    0.78,
    0.8,
    0.8200000000000001,
    0.84,
    0.86,
    0.88,
    0.9,
    0.92,
    0.9400000000000001,
    0.96,
    0.98,
    1.0,
    1.02,
    1.04,
    1.06,
    1.08,
    1.1,
    1.12,
    1.1400000000000001,
    1.16,
    1.18,
    1.2
  ],
  "hist_all_counts": [
    0,
    0,
    0,
    0,
    0,
    0,
    0,
    0,
    0,
    0,
    0,
    0,
    0,
    0,
    0,
    0,
    0,
    0,
    20,
    3320,
    261200,
    3510440,
    8178220,
    3509760,
    263000,
    2680,
    0,
    0,
    0,
    0,
    0,
    0,
    0,
    0,
    0,
    0,
    0,
    0,
    0,
    0,
    0,
    0,
    0,
    0,
    0,
    0,
    0,
    0,
    0,
    0,
    0,
    0,
    0,
    0,
    0,
    0,
    0,
    0,
    0,
    0
  ],
  "hist_used_counts": [
    0,
    0,
    0,
    0,
    0,
    0,
    0,
    0,
    0,
    0,
    0,
    0,
    0,
    0,
    0,
    0,
    0,
    0,
    2,
    158,
    14107,
    192480,
    450146,
    192936,
    14510,
    143,
    0,
    0,
    0,
    0,
    0,
    0,
    0,
    0,
    0,
    0,
    0,
    0,
    0,
    0,
    0,
    0,
    0,
    0,
    0,
    0,
    0,
    0,
    0,
    0,
    0,
    0,
    0,
    0,
    0,
    0,
    0,
    0,
    0,
    0
  ],
  "xlinks_samples": [
    58550,
    55512,
    52956,
    50344,
    48318,
    46840,
    45552,
    43738,
    42958,
    41780,
    41198,
    40254,
    39664,
    38914,
    38032,
    36988,
    36276,
    36228,
    35456,
    34924
  ],
  "M2_mean": 19.58019165479508,
  "M2_se": 0.7194246907219212,
  "M4_mean": 3843.932629445945,
  "M4_se": 141.08415328023477,
  "ratio_mean": 196.32276804093846,
  "ratio_se": 0.021619880882018983,
  "Ckappa_nat_mean": 1.0906820446718801,
  "Ckappa_nat_se": 0.000120110449344541,
  "Ckappa_SI_mean": null,
  "Ckappa_SI_se": null,
  "elapsed_sec": 18754.45898461342,
  "jit_enabled": true
}