{
  "L": 32,
  "beta": 1.0,
  "reg": "litim",
  "mu": 0.45,
  "width": 0.1,
  "Kp": 0.5,
  "J": 1.0,
  "Jex": 0.2,
  "sigma_ex": 1.0,
  "freq_moves": false,
  "dphi": 1.0,
  "domega": 0.05,
  "therm_sweeps": 60,
  "meas_sweeps": 240,
  "save_every": 20,
  "seed": 2,
  "pair_init": "bipartite",
  "pair_noise": 0.01,
  "x_min": 0.28,
  "x_max": 0.7,
  "window_mode": "discard",
  "hist_bins": 60,
  "hist_range_max": 1.2,
  "hist_edges": [
    0.0,
    0.02,
    0.04,
    0.06,
    0.08,
    0.1,
    0.12,
    0.14,
    0.16,
    0.18,
    0.2,
    0.22,
    0.24,
    0.26,
    0.28,
    0.3,
    0.32,
    0.34,
    0.36,
    0.38,
    0.4,
    0.42,
    0.44,
    0.46,
    0.48,
    0.5,
    0.52,
    0.54,
    0.56,
    0.58,
    0.6,
    0.62,
    0.64,
    0.66,
    0.68,
    0.7000000000000001,
    0.72,
    0.74,
    0.76,
    0.78,
    0.8,
    0.8200000000000001,
    0.84,
    0.86,
    0.88,
    0.9,
    0.92,
    0.9400000000000001,
    0.96,
    0.98,
    1.0,
    1.02,
    1.04,
    1.06,
    1.08,
    1.1,
    1.12,
    1.1400000000000001,
    1.16,
    1.18,
    1.2
  ],
  "hist_all_counts": [
    0,
    0,
    0,
    0,
    0,
    0,
    0,
    0,
    0,
    0,
    0,
    0,
    0,
    0,
    0,
    0,
    0,
    0,
    0,
    192,
    19320,
    267900,
    615612,
    256812,
    19572,
    240,
    0,
    0,
    0,
    0,
    0,
    0,
    0,
    0,
    0,
    0,
    0,
    0,
    0,
    0,
    0,
    0,
    0,
    0,
    0,
    0,
    0,
    0,
    0,
    0,
    0,
    0,
    0,
    0,
    0,
    0,
    0,
    0,
    0,
    0
  ],
  "hist_used_counts": [
    0,
    0,
    0,
    0,
    0,
    0,
    0,
    0,
    0,
    0,
    0,
    0,
    0,
    0,
    0,
    0,
    0,
    0,
    0,
    14,
    1564,
    20022,
    46786,
    19434,
    1559,
    21,
    0,
    0,
    0,
    0,
    0,
    0,
    0,
    0,
    0,
    0,
    0,
    0,
    0,
    0,
    0,
    0,
    0,
    0,
    0,
    0,
    0,
    0,
    0,
    0,
    0,
    0,
    0,
    0,
    0,
    0,
    0,
    0,
    0,
    0
  ],
  "xlinks_samples": [
    8802,
    8526,
    8004,
    7644,
    7766,
    7520,
    7288,
    6958,
    6912,
    6926,
    6592,
    6462
  ],
  "M2_mean": 25.93481188854044,
  "M2_se": 0.7515596172080254,
  "M4_mean": 5098.40545427437,
  "M4_se": 147.89318783103658,
  "ratio_mean": 196.58542571737053,
  "ratio_se": 0.08629929860122333,
  "Ckappa_nat_mean": 1.0921412539853919,
  "Ckappa_nat_se": 0.0004794405477845736,
  "Ckappa_SI_mean": null,
  "Ckappa_SI_se": null,
  "elapsed_sec": 1236.964521408081,
  "jit_enabled": true
}