{
  "L": 64,
  "beta": 1.0,
  "reg": "litim",
  "mu": 0.45,
  "width": 0.1,
  "Kp": 0.5,
  "J": 1.0,
  "Jex": 0.2,
  "sigma_ex": 1.0,
  "freq_moves": false,
  "dphi": 1.0,
  "domega": 0.05,
  "therm_sweeps": 100,
  "meas_sweeps": 600,
  "save_every": 20,
  "seed": 5,
  "pair_init": "bipartite",
  "pair_noise": 0.01,
  "x_min": 0.28,
  "x_max": 0.7,
  "window_mode": "discard",
  "hist_bins": 60,
  "hist_range_max": 1.2,
  "hist_edges": [
    0.0,
    0.02,
    0.04,
    0.06,
    0.08,
    0.1,
    0.12,
    0.14,
    0.16,
    0.18,
    0.2,
    0.22,
    0.24,
    0.26,
    0.28,
    0.3,
    0.32,
    0.34,
    0.36,
    0.38,
    0.4,
    0.42,
    0.44,
    0.46,
    0.48,
    0.5,
    0.52,
    0.54,
    0.56,
    0.58,
    0.6,
    0.62,
    0.64,
    0.66,
    0.68,
    0.7000000000000001,
    0.72,
    0.74,
    0.76,
    0.78,
    0.8,
    0.8200000000000001,
    0.84,
    0.86,
    0.88,
    0.9,
    0.92,
    0.9400000000000001,
    0.96,
    0.98,
    1.0,
    1.02,
    1.04,
    1.06,
    1.08,
    1.1,
    1.12,
    1.1400000000000001,
    1.16,
    1.18,
    1.2
  ],
  "hist_all_counts": [
    0,
    0,
    0,
    0,
    0,
    0,
    0,
    0,
    0,
    0,
    0,
    0,
    0,
    0,
    0,
    0,
    0,
    0,
    0,
    4680,
    387570,
    5243190,
    12292650,
    5256090,
    403620,
    5160,
    0,
    0,
    0,
    0,
    0,
    0,
    0,
    0,
    0,
    0,
    0,
    0,
    0,
    0,
    0,
    0,
    0,
    0,
    0,
    0,
    0,
    0,
    0,
    0,
    0,
    0,
    0,
    0,
    0,
    0,
    0,
    0,
    0,
    0
  ],
  "hist_used_counts": [
    0,
    0,
    0,
    0,
    0,
    0,
    0,
    0,
    0,
    0,
    0,
    0,
    0,
    0,
    0,
    0,
    0,
    0,
    0,
    229,
    20032,
    272428,
    646118,
    281774,
    21287,
    308,
    0,
    0,
    0,
    0,
    0,
    0,
    0,
    0,
    0,
    0,
    0,
    0,
    0,
    0,
    0,
    0,
    0,
    0,
    0,
    0,
    0,
    0,
    0,
    0,
    0,
    0,
    0,
    0,
    0,
    0,
    0,
    0,
    0,
    0
  ],
  "xlinks_samples": [
    57032,
    54462,
    51752,
    50832,
    49092,
    48220,
    46280,
    44910,
    44156,
    42912,
    42524,
    41692,
    40926,
    39992,
    39838,
    39222,
    38266,
    38496,
    38148,
    37712,
    37224,
    37142,
    36618,
    36038,
    35698,
    35094,
    34618,
    34592,
    34696,
    33992
  ],
  "M2_mean": 17.992195393592002,
  "M2_se": 0.5068674174306657,
  "M4_mean": 3530.042965032654,
  "M4_se": 99.44826156948103,
  "ratio_mean": 196.19945232626372,
  "ratio_se": 0.022994372048106795,
  "Ckappa_nat_mean": 1.089996957368132,
  "Ckappa_nat_se": 0.00012774651137836948,
  "Ckappa_SI_mean": null,
  "Ckappa_SI_se": null,
  "elapsed_sec": 10963.920182228088,
  "jit_enabled": true
}