{
  "L": 96,
  "beta": 1.0,
  "reg": "litim",
  "mu": 0.45,
  "width": 0.1,
  "Kp": 0.5,
  "J": 1.0,
  "Jex": 0.2,
  "sigma_ex": 1.0,
  "freq_moves": false,
  "dphi": 1.0,
  "domega": 0.05,
  "therm_sweeps": 100,
  "meas_sweeps": 600,
  "save_every": 20,
  "seed": 3,
  "pair_init": "bipartite",
  "pair_noise": 0.01,
  "x_min": 0.28,
  "x_max": 0.7,
  "window_mode": "discard",
  "hist_bins": 60,
  "hist_range_max": 1.2,
  "hist_edges": [
    0.0,
    0.02,
    0.04,
    0.06,
    0.08,
    0.1,
    0.12,
    0.14,
    0.16,
    0.18,
    0.2,
    0.22,
    0.24,
    0.26,
    0.28,
    0.3,
    0.32,
    0.34,
    0.36,
    0.38,
    0.4,
    0.42,
    0.44,
    0.46,
    0.48,
    0.5,
    0.52,
    0.54,
    0.56,
    0.58,
    0.6,
    0.62,
    0.64,
    0.66,
    0.68,
    0.7000000000000001,
    0.72,
    0.74,
    0.76,
    0.78,
    0.8,
    0.8200000000000001,
    0.84,
    0.86,
    0.88,
    0.9,
    0.92,
    0.9400000000000001,
    0.96,
    0.98,
    1.0,
    1.02,
    1.04,
    1.06,
    1.08,
    1.1,
    1.12,
    1.1400000000000001,
    1.16,
    1.18,
    1.2
  ],
  "hist_all_counts": [
    0,
    0,
    0,
    0,
    0,
    0,
    0,
    0,
    0,
    0,
    0,
    0,
    0,
    0,
    0,
    0,
    0,
    0,
    0,
    16380,
    1335810,
    17796960,
    41492670,
    17648070,
    1320690,
    15600,
    60,
    0,
    0,
    0,
    0,
    0,
    0,
    0,
    0,
    0,
    0,
    0,
    0,
    0,
    0,
    0,
    0,
    0,
    0,
    0,
    0,
    0,
    0,
    0,
    0,
    0,
    0,
    0,
    0,
    0,
    0,
    0,
    0,
    0
  ],
  "hist_used_counts": [
    0,
    0,
    0,
    0,
    0,
    0,
    0,
    0,
    0,
    0,
    0,
    0,
    0,
    0,
    0,
    0,
    0,
    0,
    0,
    794,
    60279,
    821761,
    1951099,
    842898,
    64264,
    860,
    1,
    0,
    0,
    0,
    0,
    0,
    0,
    0,
    0,
    0,
    0,
    0,
    0,
    0,
    0,
    0,
    0,
    0,
    0,
    0,
    0,
    0,
    0,
    0,
    0,
    0,
    0,
    0,
    0,
    0,
    0,
    0,
    0,
    0
  ],
  "xlinks_samples": [
    179266,
    169736,
    160440,
    155178,
    148704,
    144230,
    139062,
    135706,
    133728,
    131904,
    127142,
    125028,
    123106,
    121066,
    118890,
    118772,
    116128,
    113902,
    113128,
    111918,
    109794,
    109518,
    108872,
    107062,
    105910,
    103934,
    103656,
    102162,
    103054,
    100960
  ],
  "M2_mean": 16.074381752846655,
  "M2_se": 0.49860190696765405,
  "M4_mean": 3154.1151489625972,
  "M4_se": 97.94916976579648,
  "ratio_mean": 196.21461829359424,
  "ratio_se": 0.013555131424065484,
  "Ckappa_nat_mean": 1.0900812127421902,
  "Ckappa_nat_se": 7.530628568924968e-05,
  "Ckappa_SI_mean": null,
  "Ckappa_SI_se": null,
  "elapsed_sec": 36990.382496118546,
  "jit_enabled": true
}