{
  "L": 64,
  "beta": 1.0,
  "reg": "litim",
  "mu": 0.45,
  "width": 0.1,
  "Kp": 0.5,
  "J": 1.0,
  "Jex": 0.2,
  "sigma_ex": 1.0,
  "freq_moves": false,
  "dphi": 1.0,
  "domega": 0.05,
  "therm_sweeps": 100,
  "meas_sweeps": 600,
  "save_every": 20,
  "seed": 4,
  "pair_init": "bipartite",
  "pair_noise": 0.01,
  "x_min": 0.28,
  "x_max": 0.7,
  "window_mode": "discard",
  "hist_bins": 60,
  "hist_range_max": 1.2,
  "hist_edges": [
    0.0,
    0.02,
    0.04,
    0.06,
    0.08,
    0.1,
    0.12,
    0.14,
    0.16,
    0.18,
    0.2,
    0.22,
    0.24,
    0.26,
    0.28,
    0.3,
    0.32,
    0.34,
    0.36,
    0.38,
    0.4,
    0.42,
    0.44,
    0.46,
    0.48,
    0.5,
    0.52,
    0.54,
    0.56,
    0.58,
    0.6,
    0.62,
    0.64,
    0.66,
    0.68,
    0.7000000000000001,
    0.72,
    0.74,
    0.76,
    0.78,
    0.8,
    0.8200000000000001,
    0.84,
    0.86,
    0.88,
    0.9,
    0.92,
    0.9400000000000001,
    0.96,
    0.98,
    1.0,
    1.02,
    1.04,
    1.06,
    1.08,
    1.1,
    1.12,
    1.1400000000000001,
    1.16,
    1.18,
    1.2
  ],
  "hist_all_counts": [
    0,
    0,
    0,
    0,
    0,
    0,
    0,
    0,
    0,
    0,
    0,
    0,
    0,
    0,
    0,
    0,
    0,
    0,
    30,
    4980,
    391800,
    5265660,
    12267330,
    5264640,
    394500,
    4020,
    0,
    0,
    0,
    0,
    0,
    0,
    0,
    0,
    0,
    0,
    0,
    0,
    0,
    0,
    0,
    0,
    0,
    0,
    0,
    0,
    0,
    0,
    0,
    0,
    0,
    0,
    0,
    0,
    0,
    0,
    0,
    0,
    0,
    0
  ],
  "hist_used_counts": [
    0,
    0,
    0,
    0,
    0,
    0,
    0,
    0,
    0,
    0,
    0,
    0,
    0,
    0,
    0,
    0,
    0,
    0,
    10,
    232,
    17797,
    242776,
    572189,
    251052,
    19471,
    235,
    0,
    0,
    0,
    0,
    0,
    0,
    0,
    0,
    0,
    0,
    0,
    0,
    0,
    0,
    0,
    0,
    0,
    0,
    0,
    0,
    0,
    0,
    0,
    0,
    0,
    0,
    0,
    0,
    0,
    0,
    0,
    0,
    0,
    0
  ],
  "xlinks_samples": [
    53960,
    50630,
    48696,
    46700,
    44566,
    42786,
    42030,
    40660,
    40212,
    39028,
    38260,
    37440,
    36362,
    36020,
    35358,
    35304,
    34334,
    33366,
    32826,
    32154,
    31526,
    30998,
    31010,
    30680,
    30466,
    29872,
    29922,
    29884,
    29576,
    29136
  ],
  "M2_mean": 16.03464052086293,
  "M2_se": 0.5537232327002647,
  "M4_mean": 3145.9196454060775,
  "M4_se": 108.72568802971112,
  "ratio_mean": 196.19138772690354,
  "ratio_se": 0.02040331909768483,
  "Ckappa_nat_mean": 1.089952154038353,
  "Ckappa_nat_se": 0.00011335177276491465,
  "Ckappa_SI_mean": null,
  "Ckappa_SI_se": null,
  "elapsed_sec": 35761.89733290672,
  "jit_enabled": true
}