{
  "kernel_file": "K_8192_same_rho1p16_a2p55_b1p50.npy",
  "n": 8192,
  "n_embed": 1024,
  "edge_threshold": 0.5,
  "length_mode": "one_over_w",
  "dims": [
    2,
    3,
    4,
    5,
    6,
    7,
    8
  ],
  "stress": {
    "2": 0.9927891090870908,
    "3": 0.9915537143767778,
    "4": 0.9890643680095806,
    "5": 0.9853945814904785,
    "6": 0.9829804849015967,
    "7": 0.9811228789518369,
    "8": 0.9791760945031849
  },
  "best_dim": 8,
  "created_utc": "2025-08-26 12:51:59"
}