{
  "kernel_file": "K_4096_CURRENT.npy",
  "n": 4096,
  "spectral_dimension_mean": -0.04341824636664553,
  "spectral_dimension_se": 0.00023731083508773338,
  "heat_meta": {
    "t_grid": [
      0.05,
      0.035,
      0.025,
      0.02,
      0.015,
      0.01,
      0.007,
      0.005
    ],
    "heat_trace": [
      1.030536192101459,
      1.021111885483955,
      1.0149570925108944,
      1.0119171588730413,
      1.0089017854555749,
      1.005910667192628,
      1.0041275136181151,
      1.0029435038628671
    ],
    "slope": 0.011060002893634572,
    "intercept": 0.0580767609974866
  },
  "mds_stress": 0.9662998333841258,
  "rank_cm": 0.055625,
  "betti1_skipped": true
}