{
  "kernel_file": "K_4096_same_rho1p16_a2p55_b1p50.npy",
  "n": 4096,
  "spectral_dimension_mean": -0.24494628196305324,
  "spectral_dimension_se": 0.0013309948030135685,
  "heat_meta": {
    "t_grid": [
      0.25,
      0.2,
      0.15,
      0.1,
      0.07,
      0.05,
      0.035,
      0.025,
      0.02,
      0.015,
      0.01,
      0.007,
      0.005
    ],
    "heat_trace": [
      1.3420381211734265,
      1.25972431616724,
      1.1853210372416296,
      1.1177919396586125,
      1.0802051318066908,
      1.0562642861065492,
      1.0388628341553143,
      1.0275157649888678,
      1.0219164803742389,
      1.016365866377192,
      1.0108633133622345,
      1.0075846008490494,
      1.005408221382348
    ],
    "slope": 0.06513627843202188,
    "intercept": 0.29673780451348897
  },
  "mds_stress": 0.9662998333841258,
  "rank_cm": 0.0,
  "betti1_skipped": true
}