{
  "kernel_file": "K_4096_same_rho1p16_a2p55_b1p50.npy",
  "n": 4096,
  "spectral_dimension_mean": -0.14891293959165172,
  "spectral_dimension_se": 0.0008342480801961683,
  "heat_meta": {
    "t_grid": [
      0.25,
      0.2,
      0.15,
      0.1,
      0.07,
      0.05,
      0.035,
      0.025,
      0.02,
      0.015,
      0.01,
      0.007,
      0.005
    ],
    "heat_trace": [
      1.1832682458360813,
      1.1396152090388265,
      1.0999408400557373,
      1.0637267088317974,
      1.043474560004085,
      1.030536192101459,
      1.021111885483955,
      1.0149570925108944,
      1.0119171588730413,
      1.0089017854555749,
      1.005910667192628,
      1.0041275136181151,
      1.0029435038628671
    ],
    "slope": 0.036936905028343535,
    "intercept": 0.16780616678424706
  },
  "mds_stress": 0.9662998333841258,
  "rank_cm": 0.055625,
  "betti1_skipped": true
}