{
  "kernel_file": "K_4096_same_rho1p16_a2p55_b1p50.npy",
  "n": 4096,
  "spectral_dimension_mean": -0.1898076727913441,
  "spectral_dimension_se": 0.0010601664692255037,
  "heat_meta": {
    "t_grid": [
      0.25,
      0.2,
      0.15,
      0.1,
      0.07,
      0.05,
      0.035,
      0.025,
      0.02,
      0.015,
      0.01,
      0.007,
      0.005
    ],
    "heat_trace": [
      1.242898733944624,
      1.1849876615636359,
      1.1323808825644543,
      1.084387158288642,
      1.0575590782872855,
      1.0404243257933894,
      1.0279458249196813,
      1.019797565522829,
      1.0157733774070952,
      1.0117819303322748,
      1.007822817545282,
      1.0054627035439416,
      1.0038956387524083
    ],
    "slope": 0.047928258360564836,
    "intercept": 0.2180301750284858
  },
  "mds_stress": 0.9662998333841258,
  "rank_cm": 0.0,
  "betti1_skipped": true
}