{
  "kernel_file": "K_2048_same_rho1p16_a20p55_b1p50.npy",
  "n": 2048,
  "spectral_dimension_mean": -0.01912211733179057,
  "spectral_dimension_se": 3.386389849045317e-05,
  "heat_meta": {
    "t_grid": [
      0.03,
      0.025,
      0.02,
      0.015,
      0.01,
      0.008,
      0.007,
      0.006,
      0.005
    ],
    "heat_trace": [
      1.010913613675357,
      1.0090548737474454,
      1.0072123138660278,
      1.0053857380077,
      1.0035749532155107,
      1.0028550181492715,
      1.0024959829106663,
      1.002137567205676,
      1.001779769543106
    ],
    "slope": 0.0049245240627118865,
    "intercept": 0.02697871003418472
  },
  "mds_stress": 0.9433317132219565,
  "rank_cm": 0.3725,
  "betti1_skipped": true
}