{
  "kernel_file": "K_2048_same_rho1p16_a2p55_b1p50.npy",
  "n": 2048,
  "spectral_dimension_mean": -0.09595531165660101,
  "spectral_dimension_se": 0.0002580704281263525,
  "heat_meta": {
    "t_grid": [
      0.25,
      0.2,
      0.15,
      0.1,
      0.07,
      0.05,
      0.035,
      0.025,
      0.02,
      0.015,
      0.01,
      0.007,
      0.005
    ],
    "heat_trace": [
      1.1123531885470792,
      1.085372244978765,
      1.0609469405732928,
      1.0387524598796485,
      1.0263905957636132,
      1.0185144048711898,
      1.0127887327966236,
      1.0090548737474454,
      1.0072123138660278,
      1.0053857380077,
      1.0035749532155107,
      1.0024959829106663,
      1.001779769543106
    ],
    "slope": 0.02319219267723034,
    "intercept": 0.10510127645870738
  },
  "mds_stress": 0.9433317132219565,
  "rank_cm": 0.3725,
  "betti1_skipped": true
}