{
  "kernel_file": "K_2048_same.npy",
  "n": 2048,
  "spectral_dimension_mean": -0.07573616788128784,
  "spectral_dimension_se": 0.0003021521892861572,
  "heat_meta": {
    "t_grid": [
      0.2,
      0.1,
      0.05,
      0.02,
      0.01,
      0.005
    ],
    "heat_trace": [
      1.0685558268429796,
      1.032018667544838,
      1.0154948375503468,
      1.0060802556080817,
      1.0030209737598719,
      1.0015057403425989
    ],
    "slope": 0.01585933192746889,
    "intercept": 0.07540680681038783
  },
  "mds_stress": 0.958038894751381,
  "rank_cm": 0.33416666666666667,
  "betti1_skipped": true
}