{
  "kernel_file": "K_4096_same_rho1p20_a2p50_b1p60.npy",
  "n": 4096,
  "spectral_dimension_mean": -0.15185987847815843,
  "spectral_dimension_se": 0.0008348915336847507,
  "heat_meta": {
    "t_grid": [
      0.25,
      0.2,
      0.15,
      0.1,
      0.07,
      0.05,
      0.035,
      0.025,
      0.02,
      0.015,
      0.01,
      0.007,
      0.005
    ],
    "heat_trace": [
      1.19520925776009,
      1.1483922903674137,
      1.106011815527387,
      1.067472453071584,
      1.0459815271626542,
      1.0322752084128934,
      1.022303138480039,
      1.0157959267882226,
      1.012583483072261,
      1.0093980109235965,
      1.0062391651510105,
      1.0043564968585692,
      1.0031066061907692
    ],
    "slope": 0.0391116983283498,
    "intercept": 0.17764526185811633
  },
  "mds_stress": 0.9677432232570372,
  "rank_cm": 0.049375,
  "betti1_skipped": true
}