{
  "kernel_file": "K_2048_opp_rho1p20_a2p50_b1p60.npy",
  "n": 2048,
  "spectral_dimension_mean": -0.09312763087461698,
  "spectral_dimension_se": 0.00029356558967352705,
  "heat_meta": {
    "t_grid": [
      0.25,
      0.2,
      0.15,
      0.1,
      0.07,
      0.05,
      0.035,
      0.025,
      0.02,
      0.015,
      0.01,
      0.007,
      0.005
    ],
    "heat_trace": [
      1.0940302759331928,
      1.0721808849166479,
      1.05201880096935,
      1.0333674086859679,
      1.022836797900048,
      1.0160726972656005,
      1.011128247583691,
      1.0078913362389068,
      1.0062903367363136,
      1.0047008181364765,
      1.003122664923188,
      1.0021811808830976,
      1.0015557630663914
    ],
    "slope": 0.019701471352481882,
    "intercept": 0.08945680891678143
  },
  "mds_stress": 0.951226895280107,
  "rank_cm": 0.36,
  "betti1_skipped": true
}