{
  "kernel_file": "K_2048_same_rho1p20_a2p50_b1p60.npy",
  "n": 2048,
  "spectral_dimension_mean": -0.09682007588494607,
  "spectral_dimension_se": 0.0004315242691491862,
  "heat_meta": {
    "t_grid": [
      0.25,
      0.2,
      0.15,
      0.1,
      0.07,
      0.05,
      0.035,
      0.025,
      0.02,
      0.015,
      0.01,
      0.007,
      0.005
    ],
    "heat_trace": [
      1.119941557522155,
      1.090940258218511,
      1.0647901290904433,
      1.0411178573387765,
      1.027971136557735,
      1.0196095218440238,
      1.013538232618221,
      1.0095823191302267,
      1.0076311574185186,
      1.005697561557139,
      1.003781312894465,
      1.0026398007060073,
      1.00188219628016
    ],
    "slope": 0.024646699942079017,
    "intercept": 0.11165603801514902
  },
  "mds_stress": 0.9458286944637749,
  "rank_cm": 0.36833333333333335,
  "betti1_skipped": true
}