{
  "kernel_file": "K_4096_same_rho1p16_a2p55_b1p50.npy",
  "n": 4096,
  "spectral_dimension_mean": -0.09623424274496599,
  "spectral_dimension_se": 0.00048400762673513016,
  "heat_meta": {
    "t_grid": [
      0.25,
      0.2,
      0.15,
      0.1,
      0.07,
      0.05,
      0.035,
      0.025,
      0.02,
      0.015,
      0.01,
      0.007,
      0.005
    ],
    "heat_trace": [
      1.1139831104807243,
      1.086497378178077,
      1.0616754254983296,
      1.0391717234910023,
      1.0266592446500398,
      1.0186952818510135,
      1.012909841346731,
      1.0091388481550203,
      1.0072785015939354,
      1.0054346451726324,
      1.0036070756074513,
      1.0025182682042997,
      1.0017955928445013
    ],
    "slope": 0.02349029749983121,
    "intercept": 0.10642405371247504
  },
  "mds_stress": 0.9662998333841258,
  "rank_cm": 0.37041666666666667,
  "betti1_skipped": true
}