{
  "kernel_file": "K_2048_same_rho1p16_a20p55_b1p55.npy",
  "n": 2048,
  "spectral_dimension_mean": -0.12100333330042404,
  "spectral_dimension_se": 0.0003342093429083865,
  "heat_meta": {
    "t_grid": [
      0.25,
      0.2,
      0.15,
      0.1,
      0.07,
      0.05,
      0.035,
      0.025,
      0.02,
      0.015,
      0.01
    ],
    "heat_trace": [
      1.1120738985919982,
      1.0853149632971428,
      1.0610070714115034,
      1.0388495307026155,
      1.0264791579754664,
      1.0185866130591523,
      1.012843684565577,
      1.009096129287119,
      1.0072460983426268,
      1.0054116508409696,
      1.0035926045170174
    ],
    "slope": 0.029136838540061837,
    "intercept": 0.11982836215060495
  },
  "mds_stress": 0.9468964178316792,
  "rank_cm": 0.3616666666666667,
  "betti1_skipped": true
}