{
  "kernel_file": "K_8192_same_rho1p16_a2p55_b1p50.npy",
  "n": 8192,
  "spectral_dimension_mean": -0.09571949245477523,
  "spectral_dimension_se": 0.00040600958711473013,
  "heat_meta": {
    "t_grid": [
      0.25,
      0.2,
      0.15,
      0.1,
      0.07,
      0.05,
      0.035,
      0.025,
      0.02,
      0.015,
      0.01,
      0.007,
      0.005
    ],
    "heat_trace": [
      1.112728410090527,
      1.0855496984544957,
      1.0610092215675846,
      1.0387577232404452,
      1.026381994069149,
      1.0185031474921062,
      1.01277841062815,
      1.0090464143161926,
      1.0072051291658377,
      1.0053800450391077,
      1.0035709604155858,
      1.0024931068054916,
      1.0017776770682785
    ],
    "slope": 0.02324408911440754,
    "intercept": 0.10531123891840877
  },
  "mds_stress": 0.9791606876635998,
  "rank_cm": 0.3729166666666667,
  "betti1_skipped": true
}