{
  "kernel_file": "K_torus.npy",
  "n": 1024,
  "spectral_dimension": 4.8732915042278355,
  "heat_meta": {
    "t_grid": [
      0.1,
      0.05,
      0.02,
      0.01
    ],
    "heat_trace": [
      0.0012175828673467925,
      0.0022360730889451215,
      0.05396000290704461,
      0.22793766411885497
    ],
    "slope": -2.4366457521139178,
    "intercept": -12.718905518859529
  },
  "mds_stress": 0.17340046417908722,
  "rank_cm": 1.0,
  "betti1_skipped": true
}