{
  "kernel_file": "K_2048_same_rho1p16_a20p55_b1p45.npy",
  "n": 2048,
  "spectral_dimension_mean": -0.01910877030090572,
  "spectral_dimension_se": 3.430406257178042e-05,
  "heat_meta": {
    "t_grid": [
      0.03,
      0.025,
      0.02,
      0.015,
      0.01,
      0.008,
      0.007,
      0.006,
      0.005
    ],
    "heat_trace": [
      1.010864877145292,
      1.0090130956275902,
      1.0071779772841702,
      1.005359312791093,
      1.003556896238689,
      1.0028404335565149,
      1.0024831609162326,
      1.0021265252825644,
      1.0017705250665685
    ],
    "slope": 0.004902987790045916,
    "intercept": 0.026858762245854095
  },
  "mds_stress": 0.9400818076690773,
  "rank_cm": 0.37916666666666665,
  "betti1_skipped": true
}