{
  "kernel_file": "K_2048_same_rho1p16_a20p55_b1p55.npy",
  "n": 2048,
  "spectral_dimension_mean": -0.01913638844189921,
  "spectral_dimension_se": 3.341995441457868e-05,
  "heat_meta": {
    "t_grid": [
      0.03,
      0.025,
      0.02,
      0.015,
      0.01,
      0.008,
      0.007,
      0.006,
      0.005
    ],
    "heat_trace": [
      1.0109619287296971,
      1.009096129287119,
      1.0072460983426268,
      1.0054116508409696,
      1.0035926045170174,
      1.002869258012839,
      1.002508494493415,
      1.002148335574876,
      1.0017887798468859
    ],
    "slope": 0.00494591122478795,
    "intercept": 0.027097597212059836
  },
  "mds_stress": 0.9468964178316792,
  "rank_cm": 0.3616666666666667,
  "betti1_skipped": true
}