{
  "kernel_file": "K_2048_same_rho1p16_a20p55_b1p45.npy",
  "n": 2048,
  "spectral_dimension_mean": -0.12154106451696985,
  "spectral_dimension_se": 0.00033834885173626765,
  "heat_meta": {
    "t_grid": [
      0.25,
      0.2,
      0.15,
      0.1,
      0.07,
      0.05,
      0.035,
      0.025,
      0.02,
      0.015,
      0.01
    ],
    "heat_trace": [
      1.1127603672532451,
      1.0854978445550956,
      1.0609178547076878,
      1.0386653955575078,
      1.0263053030723752,
      1.0184429446952266,
      1.0127335346418702,
      1.0090130956275902,
      1.0071779772841702,
      1.005359312791093,
      1.003556896238689
    ],
    "slope": 0.02924171594132935,
    "intercept": 0.12012721471709213
  },
  "mds_stress": 0.9400818076690773,
  "rank_cm": 0.37916666666666665,
  "betti1_skipped": true
}