{
  "kernel_file": "K_2048_same_rho1p16_a20p55_b1p60.npy",
  "n": 2048,
  "spectral_dimension_mean": -0.019151360193431062,
  "spectral_dimension_se": 3.2969446845302726e-05,
  "heat_meta": {
    "t_grid": [
      0.03,
      0.025,
      0.02,
      0.015,
      0.01,
      0.008,
      0.007,
      0.006,
      0.005
    ],
    "heat_trace": [
      1.0110096094800916,
      1.0091367125119581,
      1.0072792323963708,
      1.0054369931975595,
      1.003609821547476,
      1.0028831334482438,
      1.0025206798060768,
      1.0021588179717513,
      1.0017975466023414
    ],
    "slope": 0.004967047703156753,
    "intercept": 0.027214904391908924
  },
  "mds_stress": 0.9498178628914892,
  "rank_cm": 0.35583333333333333,
  "betti1_skipped": true
}