{
  "kernel_file": "K_2048_same_rho1p20_a2p50_b1p40.npy",
  "n": 2048,
  "spectral_dimension_mean": -0.09843336645455705,
  "spectral_dimension_se": 0.00026741610780647466,
  "heat_meta": {
    "t_grid": [
      0.25,
      0.2,
      0.15,
      0.1,
      0.07,
      0.05,
      0.035,
      0.025,
      0.02,
      0.015,
      0.01,
      0.007,
      0.005
    ],
    "heat_trace": [
      1.1215827566696142,
      1.0913116716936493,
      1.064501501187021,
      1.0406208824970746,
      1.0275156056474903,
      1.0192380638120573,
      1.0132557487581513,
      1.0093703979957755,
      1.0074576879663444,
      1.005564571346197,
      1.0036907673082365,
      1.0025756400846493,
      1.001836000314616
    ],
    "slope": 0.024786469052756232,
    "intercept": 0.11205964553797629
  },
  "mds_stress": 0.9332745084673666,
  "rank_cm": 0.4008333333333333,
  "betti1_skipped": true
}