{
  "kernel_file": "K_2048_same_rho1p16_a20p55_b1p65.npy",
  "n": 2048,
  "spectral_dimension_mean": -0.019166886590973,
  "spectral_dimension_se": 3.2515896094600875e-05,
  "heat_meta": {
    "t_grid": [
      0.03,
      0.025,
      0.02,
      0.015,
      0.01,
      0.008,
      0.007,
      0.006,
      0.005
    ],
    "heat_trace": [
      1.0110566538767574,
      1.009176644064693,
      1.0073117499481743,
      1.0054618032270117,
      1.0036266379877206,
      1.0028966739901601,
      1.0025325658155064,
      1.002169038469022,
      1.0018060906643458
    ],
    "slope": 0.004987927442186633,
    "intercept": 0.027330629595729367
  },
  "mds_stress": 0.9520742591540146,
  "rank_cm": 0.34833333333333333,
  "betti1_skipped": true
}