{
  "kernel_file": "K_2048_same_rho1p20_a2p50_b1p40.npy",
  "n": 2048,
  "spectral_dimension_mean": -0.08115178278818785,
  "spectral_dimension_se": 0.0003410809298401084,
  "heat_meta": {
    "t_grid": [
      0.2,
      0.1,
      0.05,
      0.02,
      0.01,
      0.005
    ],
    "heat_trace": [
      1.0913116716936493,
      1.0406208824970746,
      1.0192380638120573,
      1.0074576879663444,
      1.0036907673082365,
      1.001836000314616
    ],
    "slope": 0.020730931351192992,
    "intercept": 0.09813568983598311
  },
  "mds_stress": 0.9332745084673666,
  "rank_cm": 0.4008333333333333,
  "betti1_skipped": true
}