n_files,sdim_mean,sdim_std,sdim_se_from_std,mds_mean
7,-0.09601580046416361,0.0003112203896304388,0.00011763025055639517,0.9370526580061734
