Channel,BR_mean(%),BR_std(%)
bb,11.622946246938277,15.285569322432835
WW,12.885992366484778,14.785233876322962
gg,12.19068742132065,12.92844535574929
ττ,13.685715026032904,18.396287515054386
cc,13.514151332354826,16.737050701811153
ZZ,11.266061726414835,14.550937919112348
γγ,10.53589582400946,11.752706295182119
Zγ,7.7345977430486075,13.228025207662732
μμ,6.563952313395667,8.17447684450451
