Channel,BR(%),±
bb,27.01314589249111,1.3506572946245556
WW,0.0,0.0
gg,21.620822754364497,1.081041137718225
ττ,22.50554684744155,1.1252773423720777
cc,0.0,0.0
ZZ,0.0,0.0
γγ,0.0,0.0
Zγ,15.307794696779837,0.7653897348389919
μμ,13.552689808923004,0.6776344904461502
